UserID,Username,Password,Email,PhoneNumber,FlagStatus
USER_00000001,alyssataylor,+xCG%sjS2M,johnsonemma@example.net,3753089285370,Normal
USER_00000002,carla47,n_no3SDw@g,chad20@example.net,7265420872438,Normal
USER_00000003,patricia85,(ML)QY_dO6,cameronlewis@example.org,7754594536029,Normal
USER_00000004,phillipslinda,+6Z5HmjtbG,brownantonio@example.net,6186725302925,Normal
USER_00000005,christinamarshall,(4Yk*Va6c7,william44@example.net,1180394360154,Normal
USER_00000006,cannondenise,&Z!cFAof6R,maria36@example.com,7641239339447,Normal
USER_00000007,shanson,17)8tBtpuG,kathleen39@example.net,3655698990544,Normal
USER_00000008,mullinsleslie,R5$s6GQe!d,desiree22@example.com,8176634039813,Normal
USER_00000009,tanyawilliams,*6+KQ9zr76,trevorbruce@example.org,0176141663334,Normal
USER_00000010,vboyd,_MTqOtlG%0,jessica14@example.com,5066415717998,Normal
USER_00000011,qmorales,Ob@60Tr03x,ngregory@example.com,2558893785189,Normal
USER_00000012,tyrone29,l$6PMkrh$P,ahaley@example.net,5353752887207,Normal
USER_00000013,welchwilliam,^mAIu!Ho8m,xprice@example.org,2370626277205,Flagged For Review
USER_00000014,melaniebryant,$0l18@Wf(!,dianewalker@example.net,6139455361715,Normal
USER_00000015,romerodavid,^+51bKnsld,justinwilson@example.org,7739105803861,Normal
USER_00000016,eileen03,@4RgQTj%+1,ashleyhall@example.org,1587847260995,Normal
USER_00000017,campbelljamie,8C&6RYc#o#,campbelljames@example.org,0909708930528,Normal
USER_00000018,dana39,$xCU8IuW7u,cooperkathleen@example.net,4189366167331,Normal
USER_00000019,smithricky,^7U9jPepT6,sarataylor@example.com,9904790953058,Normal
USER_00000020,kathryn60,&bMtGOa!A8,wsexton@example.net,8795425577226,Normal
USER_00000021,ocontreras,cuB8OJyf(x,lallen@example.com,8245456411672,Normal
USER_00000022,paulriley,&65&I_Ww*Z,martinkimberly@example.org,3675321237711,Normal
USER_00000023,delacruzterri,6O^FGaex!A,wardalexander@example.net,2079678017313,Normal
USER_00000024,penajames,%2SpXuCEeB,yrobinson@example.net,5830956159274,Normal
USER_00000025,travisjudith,&$E+M*wb9N,frodriguez@example.net,9497698102576,Normal
USER_00000026,harry49,B%9&UiaE(r,iwarner@example.net,7170797700590,Normal
USER_00000027,cfitzpatrick,W@x5DAXNfn,bakeralexander@example.net,0514800735407,Normal
USER_00000028,wwhite,@yBM2LVjjB,jjohnson@example.net,4407025985675,Normal
USER_00000029,ygonzalez,b&#IE8MhkN,bentleypaul@example.net,5540927015856,Normal
USER_00000030,russolarry,8+9vtFDi$2,teresa76@example.com,2583967659181,Flagged For Review
USER_00000031,john63,#b+t3PHo)E,christy53@example.org,7529751593598,Normal
USER_00000032,summersjason,(28eduWx5q,karen75@example.com,6292779913770,Normal
USER_00000033,amber57,C&sZ4SaU$1,jball@example.org,9685538329563,Normal
USER_00000034,madisonyoung,yR9STlws&C,derrick24@example.com,0056691971294,Normal
USER_00000035,angela77,&0WX^sJo&G,xrobinson@example.net,9051814964034,Normal
USER_00000036,karina27,y4AcaLgU#j,garrisonian@example.net,8492133239885,Normal
USER_00000037,markchang,#(SRVNhiA7,luis11@example.com,2887558723400,Normal
USER_00000038,edwardstanya,h#GAt!6L*1,miamartin@example.com,6433901234550,Normal
USER_00000039,hoffmanmary,#6WuHf*gx#,victor90@example.org,7824921966639,Normal
USER_00000040,alexandriaacosta,(X#9Yp+shy,skennedy@example.net,5446981829417,Normal
USER_00000041,leslie06,0#8O9(2dy+,paigesanders@example.org,7561222077573,Normal
USER_00000042,johnjimenez,x^D35DkqPB,alvarezangela@example.com,5958472996633,Normal
USER_00000043,cathy26,x5Kmblv&_z,nathancarter@example.com,6992403995718,Normal
USER_00000044,dcarpenter,Z^C6Kre$yN,boydronald@example.org,0328040774246,Normal
USER_00000045,mikeburns,+lFeFIIHe4,martinray@example.net,9647181655323,Normal
USER_00000046,tony26,gp^1sYuURc,edouglas@example.com,9568259507640,Normal
USER_00000047,gbryant,$em)_4QuX+,zbutler@example.org,9351991042209,Normal
USER_00000048,kristinhenderson,#)5mqKJk6M,ojohnson@example.org,9455853737230,Normal
USER_00000049,qtodd,NfG(75Ig3#,victoriacross@example.org,6502965453230,Normal
USER_00000050,denise45,B_6pL@HsFv,ddavis@example.org,7736666676186,Normal
USER_00000051,ewright,MOTDise#^8,amartin@example.org,1827776260439,Normal
USER_00000052,zachary17,iL3qJ2j*@a,bhaynes@example.net,5215985979399,Normal
USER_00000053,russozachary,UvKs4Kfyv+,philipphillips@example.com,4003289828210,Normal
USER_00000054,wholloway,uaXBkEhn&9,qcunningham@example.com,5016809313377,Normal
USER_00000055,tanya66,$Al$5OFcgk,john17@example.org,7279938675545,Normal
USER_00000056,justinwalker,YC6ZNTao(),joshua04@example.net,1808616001406,Normal
USER_00000057,gregorysmith,qf3CxXiC_W,brianhayes@example.com,0978309845399,Normal
USER_00000058,marcusgreen,Kp5UAqr1%m,angelicaevans@example.net,8993280315449,Normal
USER_00000059,ooliver,@IqC3WnIo$,brewerlevi@example.net,7608955571576,Normal
USER_00000060,michaelshannon,#5ndfP&&sl,connermichael@example.net,8661046108486,Normal
USER_00000061,calderonryan,)mqVS9m37p,nathan62@example.com,1340384083289,Normal
USER_00000062,rodriguezmatthew,m)9KSUXhqd,austinquinn@example.net,2548448215763,Normal
USER_00000063,paul04,#36FwsoN%Z,brodriguez@example.com,9008352346854,Normal
USER_00000064,latoya73,B(hYF1Xb#b,hickmancharles@example.net,8086845385268,Normal
USER_00000065,charles34,!(8gHw2ol!,jonestroy@example.org,8334248419034,Normal
USER_00000066,suarezchristopher,&1bMHbik_4,creynolds@example.org,3186319003970,Normal
USER_00000067,tmullins,Ia!1VccJWC,srodgers@example.org,9553710775949,Normal
USER_00000068,amcdonald,^5O^a8Zsev,ortegadouglas@example.net,3623877187326,Normal
USER_00000069,woodjohn,Vw3ATYpd9%,traviscox@example.net,8706618416592,Normal
USER_00000070,stouttina,!7lqM2BU+u,johnsonmichael@example.com,2102117248295,Flagged For Review
USER_00000071,avalenzuela,@5@t7VEoAM,jose25@example.org,4752009992587,Normal
USER_00000072,arianasimmons,!zf^4MJb*f,lunacarlos@example.net,6596090240629,Normal
USER_00000073,amandajoseph,n_2MYJfBT0,hodgejessica@example.com,7149593392701,Normal
USER_00000074,donaldsteele,9P1JwB_r_a,sharonmendez@example.com,4875607389359,Normal
USER_00000075,nfranco,^5SUZgi97H,kayla62@example.net,5457211205658,Normal
USER_00000076,ashleymarshall,c)T0JqQv$J,tlane@example.net,3167052434774,Normal
USER_00000077,kristen42,2*!O3CabfG,zbrown@example.net,3223934902593,Normal
USER_00000078,ruth50,#GTuie!qL5,taylormorris@example.com,9972401223338,Normal
USER_00000079,cordovamegan,+eE7W*!w&N,umueller@example.com,2259560336229,Normal
USER_00000080,hrodriguez,Vb2MzmsSC#,mcphersonveronica@example.net,6496252004733,Normal
USER_00000081,lisa99,6h$iyr*p+Y,josephhaney@example.net,1153532428178,Normal
USER_00000082,daniel67,+xXVRhYoB7,robertjohnson@example.org,7726040286624,Normal
USER_00000083,angelica05,+0zYN9AyS8,jacksontony@example.org,8799144968986,Normal
USER_00000084,lrivera,)DX7Uv7rvq,rroberts@example.net,0520553601098,Normal
USER_00000085,james68,$+7tMwC0HK,kathryndixon@example.com,9548577064578,Normal
USER_00000086,speterson,j(a0lCk3Cy,wilsonzachary@example.com,9493771984585,Normal
USER_00000087,joshua89,1Z8^YTzd%G,lori39@example.net,6524014928840,Normal
USER_00000088,nortonaustin,7ewC8Jwp)0,clarkmichael@example.com,0392523278417,Normal
USER_00000089,xsmith,d_wu7_LvEq,darylwatson@example.com,7440063044668,Normal
USER_00000090,diazzachary,)hZNj1Acj4,ogilbert@example.com,5470606033096,Normal
USER_00000091,alexander01,)$+9HWwcE*,rachel43@example.net,0210051960822,Normal
USER_00000092,connor50,z2aZE+ei%&,joshuasimmons@example.org,5469555472033,Flagged For Review
USER_00000093,briana81,zY9K#Bg&(8,jason00@example.com,4578853901918,Normal
USER_00000094,gonzalezkatherine,*BElF*%q!1,walter82@example.com,6363084500805,Normal
USER_00000095,richard11,$)bt(3AlTp,heather76@example.com,1613477540144,Normal
USER_00000096,urivera,)FKwS2Qp(w,jefferystanley@example.com,0837391022561,Normal
USER_00000097,anthony97,iqlp!NCl!2,ashleyking@example.net,1102246554457,Normal
USER_00000098,qharper,U$O9dZVqm3,ucollins@example.org,1699541630480,Normal
USER_00000099,rogersraymond,GmxpXNYx)8,gardnerkirsten@example.com,0848613610519,Normal
USER_00000100,johnsonmichael,#@3MButrhm,kyle06@example.com,6978570277402,Normal
USER_00000101,alvin56,_&_7UMz227,shepardryan@example.org,1605671429989,Normal
USER_00000102,johnstonjohn,*88WKnwG)v,lyonsmargaret@example.com,1496625729295,Normal
USER_00000103,douglasbell,@q9kjEi4YH,molly87@example.org,8457066007488,Normal
USER_00000104,stonerachel,)6TAJSgV+9,peckdonna@example.org,1510854687392,Normal
USER_00000105,fellison,&*KNb*bU%7,taylordiaz@example.org,7893579569874,Normal
USER_00000106,woodsfrederick,8M5bJbAq)c,hollybarrett@example.net,9867898422256,Normal
USER_00000107,connie35,$iDFdZnnx9,dalvarez@example.net,1978120026221,Normal
USER_00000108,hcardenas,(4Z5%m(&Ku,ojuarez@example.com,5683090364720,Normal
USER_00000109,rachel94,Mz$4DVfhy8,charles74@example.org,0689761124689,Normal
USER_00000110,kyle13,h%9JG!id^6,obuchanan@example.net,6261944084748,Normal
USER_00000111,stephanie38,^gjG*$a81_,chelseastone@example.com,4398178408428,Normal
USER_00000112,andersondonna,NM@#4&!x&0,gjensen@example.com,7438714157026,Normal
USER_00000113,kjohnson,&kciUVWiD0,ashleycarter@example.net,8178610383419,Normal
USER_00000114,brownalicia,F4PKWeY*(J,julia61@example.com,9779152407293,Normal
USER_00000115,gonzalezsamantha,D2oK(smi(0,pnguyen@example.net,7287147213363,Normal
USER_00000116,dillonmichael,T@e6wRUgxB,tgonzalez@example.net,8365018806569,Normal
USER_00000117,rossfrank,)0+wPqHnW3,bzuniga@example.com,5209302687229,Normal
USER_00000118,shannon63,#Qa8xdAl3v,heatherwoodard@example.org,7675564101409,Normal
USER_00000119,kanealejandro,2I9CQ8pn^m,jenkinsdestiny@example.net,9329473366940,Normal
USER_00000120,fostercandice,bMz7QGr$&u,patrick52@example.org,7555931069356,Flagged For Review
USER_00000121,jhernandez,_0DVHcfHHZ,dukejoan@example.net,5705575754359,Normal
USER_00000122,bradleysimon,+3FQ8JuSSt,justin29@example.com,6183862932929,Normal
USER_00000123,cynthiajones,g6(83VAr1!,joshuawyatt@example.com,9019745676045,Flagged For Review
USER_00000124,whitneykyle,B+vD1TTe26,hhall@example.net,5179021375950,Normal
USER_00000125,rachel48,$0ZMqYl!!$,franknelson@example.org,4159233257317,Flagged For Review
USER_00000126,johnmiller,6ipXLCzC#1,robin08@example.net,8268545387763,Normal
USER_00000127,janet20,ez!g0TxJ+X,christinewoodard@example.org,6344168400090,Normal
USER_00000128,kimbrittney,86(K+sK@*F,kathrynlee@example.net,8071442237244,Normal
USER_00000129,collinsreginald,(1UMZaAXiN,floresjohn@example.com,2157093692530,Normal
USER_00000130,cameron94,e83w8QHq@^,jerry08@example.com,1985162738986,Flagged For Review
USER_00000131,lthomas,owDsA)ka+0,patrick01@example.net,4856408756737,Normal
USER_00000132,angela22,$6LeAFq^WT,youngaustin@example.org,2724013688848,Normal
USER_00000133,serranorodney,g*2H*QrpQn,edwardseric@example.org,5314468920340,Normal
USER_00000134,jacobwoodard,)c0OVtVX8h,jerry26@example.net,9606041634660,Normal
USER_00000135,brian24,aA8r9UeH6*,davidsonpaul@example.com,1730380290230,Normal
USER_00000136,bennettmargaret,+S5zHr+$Q0,grose@example.com,1760892483516,Normal
USER_00000137,ywilson,(K^OmzJXl2,briantaylor@example.org,9357503394638,Normal
USER_00000138,thomaspaula,gS99$EWd!2,qmitchell@example.net,5680577460221,Normal
USER_00000139,vnelson,4nyRs4nk*B,gomezjeff@example.com,1615744677265,Normal
USER_00000140,jesus05,)3MM$Lt1+N,eholloway@example.net,4382350291831,Normal
USER_00000141,bchaney,3@iF1tPc&&,brownkatherine@example.net,9460341120827,Normal
USER_00000142,nfry,@$LL2QpsSz,aaron69@example.org,9632701678733,Normal
USER_00000143,cassandradyer,s1BnS)+W&g,bcase@example.com,3512929621661,Normal
USER_00000144,lopezleah,*l(2d*Yzy!,tiffanymyers@example.com,8560270406088,Normal
USER_00000145,gary50,r1E8VQvs)F,deborah63@example.net,0663408885335,Normal
USER_00000146,lydia53,M^8VQscU*4,vnelson@example.com,2983585786690,Flagged For Review
USER_00000147,burgessbrittany,I!nIXvGfd2,leebailey@example.com,0531200260872,Normal
USER_00000148,anthony72,!3xYbpqSN1,jenniferbarnes@example.com,0398131972075,Normal
USER_00000149,mcdanieldaniel,^4Ci9GpOj0,bradleylewis@example.org,4934482646064,Normal
USER_00000150,jessica07,8o(2A)hWb0,gentryjonathan@example.com,5578120985202,Normal
USER_00000151,fhoward,^X0DCIJaj$,kbishop@example.org,5297749083292,Normal
USER_00000152,rebecca65,2f)^HtdJ$6,megan28@example.com,3958339740441,Normal
USER_00000153,onichols,PKC(3dEud5,bgiles@example.org,9714525281840,Normal
USER_00000154,emilycox,r5S5O0vr^v,bsanchez@example.org,1874984501602,Normal
USER_00000155,emiller,28NVY2jb&5,barnettlauren@example.com,9310611816695,Normal
USER_00000156,dominique93,41MSQo_e!(,fboyd@example.com,2402543705569,Normal
USER_00000157,jesus12,#HH_7Ou4RS,sarah32@example.net,2832359016858,Normal
USER_00000158,murraylaurie,DwaPHO8U_1,yweaver@example.org,3510102983714,Normal
USER_00000159,jesussmith,&6lNnN#rw4,wlane@example.com,1091841868945,Normal
USER_00000160,nancyfloyd,X3FII%rF+k,twhite@example.com,5581144984159,Normal
USER_00000161,vsimpson,@YDXiueo9C,hollowayaustin@example.org,3835459360947,Normal
USER_00000162,singletonvalerie,%6Y^!tMYOG,carlsonkaren@example.com,6567280495882,Normal
USER_00000163,kristenmclean,OY1Xz2oE^P,kwilliams@example.com,1092280516775,Normal
USER_00000164,marcusjohnson,^35MRU5dlL,ashley53@example.net,4176152147050,Normal
USER_00000165,kevinwilson,g$Jo2UQqs5,justinhaney@example.com,9970632649911,Normal
USER_00000166,hperry,w9_+^Yr3!A,thomas30@example.org,6520209960363,Normal
USER_00000167,mackenzie39,0q7HI+eB#3,hollowayjames@example.com,5063508531715,Normal
USER_00000168,laurie23,wP4kOplRt%,micheal91@example.net,7191501662586,Normal
USER_00000169,colinbrooks,j^4Lq4ukjp,rbaldwin@example.net,6002011112138,Normal
USER_00000170,watkinsjulie,6d4NwYhe)V,gregoryjohnson@example.com,7999417617572,Normal
USER_00000171,mark93,%8X5K+PBao,robertsoncharles@example.com,6741009091402,Normal
USER_00000172,sharon01,04_P9Xkg^$,timothy50@example.com,1314859210350,Normal
USER_00000173,amyolson,tnK4iT1b!v,josephacosta@example.net,7873335647614,Normal
USER_00000174,williamsjoseph,iaf29EV2Q!,alex99@example.com,3823174686933,Normal
USER_00000175,fsantiago,+R96OjzvjV,jonesrodney@example.com,0358398383467,Normal
USER_00000176,wanderson,6hV(m_yy%3,benjamin30@example.org,3373950659924,Normal
USER_00000177,dholmes,%3ggQOdM3g,krobinson@example.com,5609365672745,Normal
USER_00000178,smithjames,!VD+v21Vb7,mcbridemike@example.net,1602614817959,Normal
USER_00000179,jessicajones,f0H8FHf5!6,tuckersherry@example.org,8505521049382,Normal
USER_00000180,heather30,*k(8KMyhWU,philliportiz@example.org,4928087571124,Normal
USER_00000181,cherylanderson,rV4h4UKfy#,frances07@example.org,8473120215099,Flagged For Review
USER_00000182,elliskathryn,Eb1$2VVd%y,garciatimothy@example.org,0963469062375,Normal
USER_00000183,hesterlucas,#Xb0+By^y@,kaylaritter@example.org,7487978826623,Normal
USER_00000184,williamspatty,zG3EmcjrQ_,jerry61@example.net,8228641893793,Normal
USER_00000185,maddenpaul,*3U!0ejK)7,adamsamy@example.org,2695074841827,Normal
USER_00000186,ejohnson,&WQ3xufDb5,chad29@example.com,4579080644691,Normal
USER_00000187,zmontgomery,)5vBGi2PAi,hillvalerie@example.com,9712867909746,Normal
USER_00000188,brookewilson,)%rU8Tb!fV,james25@example.net,0142419511903,Normal
USER_00000189,ithomas,6nQsKU*a!2,barrettsara@example.org,4040087182540,Normal
USER_00000190,steven51,rp@8tS!Dp^,wolfecorey@example.org,7077430776203,Normal
USER_00000191,rroth,8beHjAe1$+,mooredavid@example.org,7345078537027,Normal
USER_00000192,michael42,^al1kKYtl6,michele81@example.org,2396884715695,Normal
USER_00000193,brooksalan,)ZJO!lD*d7,alexis52@example.org,0271413743637,Normal
USER_00000194,jane12,j)7aTbU)BZ,amandapeters@example.com,2300981375539,Normal
USER_00000195,cynthia62,)F%J0Oeht&,michelletate@example.net,3479155884826,Normal
USER_00000196,delgadochristian,P)j#8Obr&L,kenneth83@example.net,9489700827865,Normal
USER_00000197,tmartin,2YA!%e9z$g,ashley16@example.org,7278302665813,Normal
USER_00000198,qroach,&@0VAIUwO6,laurie63@example.com,2467827243457,Normal
USER_00000199,rsalas,iGQ&7VBvCz,vazquezjennifer@example.net,0716693486136,Normal
USER_00000200,qlewis,60pV6ARfS%,gamblesamuel@example.net,3237754545117,Normal
USER_00000201,martinezjoshua,kN3w0AlWV_,smithdavid@example.net,1063603781333,Normal
USER_00000202,merrittsteven,af5%5FM7E+,stephen67@example.org,7912016335745,Normal
USER_00000203,pcisneros,(NR9cH0M1$,ronaldwalker@example.net,3970821935660,Normal
USER_00000204,markturner,@_5J1KRqK),amanda51@example.com,6703638614394,Normal
USER_00000205,bernardandre,RSdi2Isci_,zwong@example.net,3365955418458,Normal
USER_00000206,anthonyhancock,%k_A1i(63O,dawn06@example.org,9373855782500,Normal
USER_00000207,mreyes,$1Wh155QJO,fcosta@example.com,4129631432313,Normal
USER_00000208,julie27,(2qCEK2s^b,nathanarmstrong@example.org,0011828472400,Normal
USER_00000209,stephaniehines,^B8IZB_ry!,megan26@example.com,2018344888401,Normal
USER_00000210,obrown,*H^5Dn#l(b,greenjohn@example.com,1347149691738,Flagged For Review
USER_00000211,christythomas,*#w%C2icb5,nmcbride@example.net,9099979946540,Normal
USER_00000212,johnsonmichael,)FZeT#i0%5,michael58@example.org,8028557166452,Normal
USER_00000213,gspencer,$G45R@Wxom,mdavies@example.org,0141775583782,Normal
USER_00000214,ramirezshelly,E0fR*@VG#l,drakealexandra@example.net,8163431045141,Normal
USER_00000215,megan26,qi&4Rjfuq*,vrichardson@example.net,1085742734973,Normal
USER_00000216,joshua31,yGd#7ZfC7e,garrettjessica@example.org,2906382248519,Normal
USER_00000217,pellis,jBRr*cC^_7,fobrien@example.net,4187289037594,Normal
USER_00000218,rcox,@A6!@6Ece9,davisjohn@example.net,0553327560210,Normal
USER_00000219,jknight,^2GGOIuj#q,hgriffith@example.org,0190842966417,Normal
USER_00000220,melissa89,%G^BxagB$1,cynthiacordova@example.org,4018534955859,Normal
USER_00000221,clayton75,d(q6KtPnuL,lscott@example.org,4659046576789,Normal
USER_00000222,cherylnash,x%6L@#yQOr,carlos18@example.org,9305928014674,Normal
USER_00000223,xbartlett,Xn3Eq&m8$r,msmith@example.net,1769804331212,Normal
USER_00000224,amathews,(&1Ie8GxR5,jstout@example.net,9295844308257,Normal
USER_00000225,dsimon,^8FWl@fuOb,katherine60@example.org,5882198097001,Normal
USER_00000226,jacksonalexandra,@qLBGI#eX1,lindsayroach@example.org,1825371054341,Normal
USER_00000227,rogernavarro,#7I8%zzgk&,jill03@example.org,2156701139212,Normal
USER_00000228,willisandrew,7o*9KWWyd*,sabrinageorge@example.org,2249655548032,Normal
USER_00000229,parkergreg,_3KsRvzxAS,dale53@example.com,6593547508732,Normal
USER_00000230,tnunez,it6LXcuq%i,martinezmary@example.net,4061318840328,Normal
USER_00000231,branchmeghan,y2FG)bvj)*,acruz@example.org,9386622457982,Normal
USER_00000232,boyerhayden,Y3RnS1QW)F,adamslawrence@example.org,1731217849063,Normal
USER_00000233,campbellalicia,ikrKUCpn_4,fprice@example.com,2310635184162,Normal
USER_00000234,ghamilton,_aIJLMco15,ssullivan@example.net,3425294855399,Normal
USER_00000235,jacqueline17,6^$WF6Ma&E,anthonybender@example.com,0299220120367,Normal
USER_00000236,stephen27,(RhpQfGbd8,anita28@example.net,3011229398027,Normal
USER_00000237,carl61,f21MIVCu*h,cgreen@example.net,8263753057862,Normal
USER_00000238,prestoneric,%*(_E_Du0G,sandraorr@example.net,3398327322867,Flagged For Review
USER_00000239,trice,%0I3JPyc@*,joanne72@example.net,5608464210928,Normal
USER_00000240,barronsean,q4&04I)x07,brianna47@example.com,4830703533912,Normal
USER_00000241,sarahyoung,@9QH3nFoW),randolphdavid@example.org,5193571871474,Flagged For Review
USER_00000242,welchnathan,U#P3E%0c+D,nancyelliott@example.com,1744956022264,Normal
USER_00000243,michaelwilliamson,A5sG+lwi_W,shelbyjames@example.org,3128771532802,Normal
USER_00000244,iarcher,v7UehzPI$%,angelaanderson@example.com,0646805421151,Normal
USER_00000245,jeffrey84,y+g^_3qPUM,glittle@example.com,3083802963203,Normal
USER_00000246,ewilliams,(t+qCDdDv3,amandaroth@example.net,1263570922511,Normal
USER_00000247,amack,YV^7PPiv#r,shawn26@example.com,4351292337211,Normal
USER_00000248,ochoabrenda,51SWRHey)O,jacobmoran@example.com,3285713917518,Normal
USER_00000249,kmyers,k^BN$ih8_5,jasontaylor@example.org,9785346892524,Normal
USER_00000250,thamilton,)3lIZyCClX,danieljuan@example.net,0046655287640,Normal
USER_00000251,travisshelley,si79ZuGu(!,ashleyjones@example.org,6580824979176,Normal
USER_00000252,bill98,!7GB5Am!WQ,khart@example.net,8045380069546,Normal
USER_00000253,chapmanscott,Eno0Cf3Y_9,kmiles@example.org,8410468046846,Normal
USER_00000254,tyler35,l!pV0Jaa(+,rebecca14@example.com,5089774276389,Normal
USER_00000255,james78,9WHYCFTu_6,wvillanueva@example.org,8706666896571,Normal
USER_00000256,dixoneric,V)50l)Ru)_,chad97@example.org,4585709303069,Normal
USER_00000257,dmahoney,!vkuiIhj(4,david61@example.com,0377881379465,Normal
USER_00000258,anthony72,!Y^1tKZqh6,bking@example.org,7633603588170,Normal
USER_00000259,nanderson,i@SRPe!r)6,englishnicholas@example.org,2844784057888,Normal
USER_00000260,taylor31,*6sd21pctM,nicole56@example.net,7109665169074,Normal
USER_00000261,valenciaedward,$xWBL$v(s5,james90@example.org,8680453334617,Normal
USER_00000262,fhunt,Q@)3oJUHRp,amandacraig@example.net,8386976150950,Normal
USER_00000263,rachel31,Fz1dSC)u+c,davidacosta@example.net,1591314457852,Normal
USER_00000264,nle,ftGKuGL1!6,wgarner@example.org,3830792886358,Flagged For Review
USER_00000265,randallkeith,@)R3P1aH#1,nmejia@example.org,6645791355047,Normal
USER_00000266,washingtonsara,HOz@3I1m)p,dburch@example.org,0333260020632,Normal
USER_00000267,gregory95,8T4dMccD&u,jmarshall@example.org,8426798416373,Normal
USER_00000268,garrettgarcia,_5UkGsRv*a,andradejohn@example.net,3013633736828,Normal
USER_00000269,danielharper,^07L0YNu8c,abrooks@example.net,5028940179464,Normal
USER_00000270,shannonbuck,3tCLvx3Y(W,tbowers@example.net,1299745289196,Normal
USER_00000271,doylesally,7b8x0KvTB$,victoria98@example.org,8355703968245,Normal
USER_00000272,johnfranco,QZ9Sd3a7@(,karenramirez@example.net,1095638563039,Normal
USER_00000273,katrinawilliams,(H6YHf(VQ$,catherine87@example.net,1231018712161,Normal
USER_00000274,chavezmichelle,E#Ab2Ha&$m,jonesamanda@example.com,5752454051763,Normal
USER_00000275,penajohn,%4XLcx#ezb,guy96@example.org,6929773217640,Normal
USER_00000276,sarah94,$Pu3PDE7f5,talvarado@example.org,5005192011530,Normal
USER_00000277,cherylperry,*4lRRfrqv_,frankglover@example.org,7996140833792,Normal
USER_00000278,robin66,lu5Rek^UF&,dparsons@example.org,0225720446840,Normal
USER_00000279,travis47,!cVoA7Jh8@,matthew64@example.org,3697081594779,Normal
USER_00000280,alexisromero,n!8MJhz%9g,rpage@example.org,9547438466397,Normal
USER_00000281,garciaalicia,eS#fHZFy#8,davischarles@example.net,3774092253097,Normal
USER_00000282,joseph17,1!0K43gme$,mitchellkimberly@example.net,0099717776661,Normal
USER_00000283,raymondlee,!2bkjXTsyN,donna09@example.com,4452206445289,Normal
USER_00000284,williereed,XZhIb@#h%4,emily18@example.net,9523495193699,Normal
USER_00000285,michelle17,@+5cExuxxM,briannanorman@example.com,6841085273297,Normal
USER_00000286,emccoy,kj5AG!NP$3,bradleyjessica@example.org,5203269697815,Normal
USER_00000287,kylejohnson,h&6j@Cb6G%,pattersonbrian@example.org,3989313885159,Normal
USER_00000288,sextonaaron,$%4JAtqSla,steven91@example.net,9226735966572,Normal
USER_00000289,ibailey,h%3Xdh$llD,reynoldsdana@example.net,8230647403536,Normal
USER_00000290,utorres,X5PYiou5(n,fuenteslindsey@example.org,4621444111197,Normal
USER_00000291,jennifermayer,5B@)6FmULK,zzimmerman@example.org,5469038061230,Normal
USER_00000292,jonesryan,*6!QjVdbar,rlynch@example.com,1959531893762,Normal
USER_00000293,rkennedy,VeY^3EMv&4,robertsconnie@example.org,3779137250969,Normal
USER_00000294,pbowen,t%4ItwpfYI,mossrobert@example.net,2166243634641,Normal
USER_00000295,thomasjohnson,qyfJNXn&!9,edwardsmary@example.com,9474295764982,Normal
USER_00000296,stanleymichael,G4GCYmAr%9,david84@example.org,7189974979071,Normal
USER_00000297,tayloranna,NH856c)gx*,edwardcasey@example.com,6991294105760,Normal
USER_00000298,destiny48,+G1SeAc5+o,wattsmargaret@example.com,0529336133880,Normal
USER_00000299,lmacias,Vy+65Y&gPb,seth34@example.org,5899040031570,Normal
USER_00000300,linda34,k81UM!QpU(,aschroeder@example.net,4682244823190,Normal
USER_00000301,hickselizabeth,Z%eN81az^V,walkerdennis@example.com,6737767605558,Normal
USER_00000302,hoodlorraine,!1CnfzNv72,lbaldwin@example.com,4768260313690,Normal
USER_00000303,maria84,&(3cVSak)i,annagreen@example.net,1970901092111,Normal
USER_00000304,thomasanthony,^#3VZptkkx,mariah90@example.org,1379757710230,Normal
USER_00000305,upotter,*5GKtSL!a9,wagnerkeith@example.com,8881345484242,Normal
USER_00000306,justin91,4UEgZ0mx^3,brianfry@example.org,2559911818800,Normal
USER_00000307,carloschapman,g45X2Xv@v(,eherman@example.com,1266178828213,Normal
USER_00000308,boydnicole,+RNxqKmNj0,mary87@example.net,1188471036429,Normal
USER_00000309,vbeck,(26#FLTi4Q,madeline57@example.com,4153197324400,Normal
USER_00000310,sarahjohnson,+2&OgFY0mi,judith72@example.com,3927413645627,Normal
USER_00000311,angelacrawford,+66W_GVzA$,lisa85@example.org,7977843032066,Flagged For Review
USER_00000312,rebecca18,qT7auQAkF_,lpruitt@example.org,6868901812799,Normal
USER_00000313,tammyjohnson,_5JWauPf*8,ortizchristopher@example.com,9606275387308,Normal
USER_00000314,carlospennington,2#$89Axhbw,matthewsmary@example.org,1951982334639,Normal
USER_00000315,bowmancynthia,N17*1RKf_l,tarawright@example.net,4486916542590,Normal
USER_00000316,ryanmartin,oU4*wM_n3*,diana76@example.com,7334193448350,Normal
USER_00000317,cannondawn,ZVdJ)+tY&5,zoereyes@example.org,8372370364187,Normal
USER_00000318,orivera,&2GZHq8s*T,brownerin@example.com,8622109746613,Normal
USER_00000319,davisdouglas,1jGapGyl_O,matthewacosta@example.com,7128499084113,Normal
USER_00000320,ksmith,)7DapC+usJ,courtney32@example.com,9357818451424,Normal
USER_00000321,osmall,PyPf(3sw)1,mcdanielkevin@example.com,8178667490273,Normal
USER_00000322,brandon29,@Jn8pSDxe(,ramosholly@example.org,8790163527091,Normal
USER_00000323,trevorortiz,r#20G#BrD1,michellescott@example.org,2553171650075,Normal
USER_00000324,jasonlarsen,%10uXijrd0,jessica77@example.net,6192384799948,Normal
USER_00000325,wwest,1N7)+Gmd+&,ibaker@example.org,5001139219642,Normal
USER_00000326,henrymatthew,C$1jbL(gQi,michaeldennis@example.net,3439799442704,Normal
USER_00000327,proth,!7OL3*glt7,hvaughn@example.net,6217159654738,Normal
USER_00000328,gallaghernatalie,56In#*Uv$n,joseph57@example.com,2706600075651,Normal
USER_00000329,ricky44,+h9JwlIah2,melissa90@example.net,6982820758300,Normal
USER_00000330,hartchristopher,@F6PxuXUf_,jessica67@example.com,3984464536510,Flagged For Review
USER_00000331,qfrost,p^9cSsQ#_u,ianderson@example.org,3251216067494,Normal
USER_00000332,dianedillon,I81WXmo_@b,barbara39@example.org,8399025257417,Normal
USER_00000333,coopervincent,(#0v08Eb#g,frankfigueroa@example.com,0589618649082,Normal
USER_00000334,roy47,$+B(kh7qg7,rharper@example.net,7599885073506,Normal
USER_00000335,jimmyadams,&9WRZb0^r),fhall@example.net,1339955131276,Normal
USER_00000336,burkerichard,&3CB0Kj$Ah,davidgraham@example.com,3064660827434,Normal
USER_00000337,pblack,(uwAsQlrX2,earl25@example.org,9340920901191,Normal
USER_00000338,katherine99,h)6lYJZfKJ,jenniferevans@example.org,0066967236462,Normal
USER_00000339,dtownsend,2&7MKS5c_g,jonesbrandon@example.org,7954228392296,Normal
USER_00000340,brandongriffin,4MnyyTgG)X,rayheather@example.net,4484661413453,Normal
USER_00000341,contrerasdavid,u&3EWQPnU2,cathybuck@example.com,7086930750856,Normal
USER_00000342,xsanchez,N42MD!!f)d,staceysmith@example.org,3629854778040,Normal
USER_00000343,garyshannon,(v5Vcd_hL*,harpermichelle@example.net,8580452922915,Normal
USER_00000344,isummers,xC5IMx5cs&,bennettnatasha@example.com,4596597854034,Normal
USER_00000345,william18,(5_+GDmuNo,lwoodward@example.net,2460955330303,Normal
USER_00000346,hughesmelody,$h2Wc*2*U),willie20@example.net,8136852699123,Normal
USER_00000347,iduncan,Zo9KCXPgi*,oharris@example.com,1361936660975,Normal
USER_00000348,shanelong,*2D&6Q&x)L,edwin19@example.org,4221542353153,Normal
USER_00000349,john35,rl_74HCo0T,bradleycrane@example.com,9153829104146,Normal
USER_00000350,derrickhopkins,+d&rgBVj93,murrayvernon@example.org,7973673533895,Normal
USER_00000351,frederickcruz,dyU$8RLkdF,emoran@example.org,6681648649665,Normal
USER_00000352,ffuller,(m78G9jUOm,ghernandez@example.com,1392114469518,Normal
USER_00000353,paulwilliams,4BrUDynR(L,lisajones@example.net,2999089846974,Normal
USER_00000354,david02,a43RPzzgE#,douglas80@example.net,8638866441398,Normal
USER_00000355,dward,r_Ls9Mlo%@,ruizmonique@example.com,4876971235004,Normal
USER_00000356,teresa00,QMiRm6WvR!,qlutz@example.org,5738566396420,Normal
USER_00000357,deborahmartinez,^7SfoVmQEL,stephanieblankenship@example.net,3020526040994,Normal
USER_00000358,hernandezdavid,&pcWVm)o3Q,kgarcia@example.com,0030347251073,Normal
USER_00000359,tjenkins,&%24QvjpH2,michellemcclure@example.org,6084785085695,Normal
USER_00000360,debra17,J@C0VYu$%!,hcross@example.org,9611546683993,Normal
USER_00000361,hallerin,#2oPhXpvZa,jake87@example.com,1931972389500,Normal
USER_00000362,kristenleonard,(6b%NBVa#Y,wjohnson@example.com,6934455368323,Normal
USER_00000363,alyssa14,+wdOpF9yj7,jamesmcbride@example.com,6988706817259,Normal
USER_00000364,kimberlymontgomery,r+2J%J^iMq,yevans@example.org,5262364880289,Normal
USER_00000365,khanbarbara,*1cNAcplv(,elizabeth22@example.com,5725135989365,Normal
USER_00000366,brownamy,u_6IdSB4aF,timothy50@example.net,6097166743933,Normal
USER_00000367,jessecrane,r1iX1M%ei@,perkinsrichard@example.org,3623267392982,Normal
USER_00000368,hernandezbethany,5+1_EfGmmw,angel07@example.org,1610758259491,Normal
USER_00000369,sanchezheidi,ZF0Hml5N%1,mooresonia@example.net,8388904890529,Normal
USER_00000370,swilliams,yc+6U%u%n(,asheppard@example.org,5197524362824,Normal
USER_00000371,qgarcia,%9vAQXQ5Ga,paulagolden@example.com,6603117580430,Normal
USER_00000372,kelsey76,&3ZKkb6q6&,marktodd@example.com,1419948283849,Normal
USER_00000373,reillyerin,2bR*vcNg!7,samuelharris@example.org,6157480902994,Normal
USER_00000374,williamsgary,G&9t0Cipuq,ytaylor@example.org,7518757549676,Flagged For Review
USER_00000375,walter78,Z#*T5IDizw,munozjill@example.com,0147656973540,Normal
USER_00000376,cohenchristopher,Ng7%JTtw!C,susannoble@example.net,5149336705773,Normal
USER_00000377,abaker,MKa1ZlU%D^,davidross@example.net,9074223971168,Normal
USER_00000378,kathrynmason,86xDvC8X#6,jclark@example.com,8961393267973,Normal
USER_00000379,ijordan,$cmh(Dh(f7,estevenson@example.com,6979753314046,Normal
USER_00000380,danny67,_3d6Tfnrr6,robert23@example.org,7167693081833,Flagged For Review
USER_00000381,istanley,$O0Z^QlYlt,caitlin76@example.net,2294490273036,Normal
USER_00000382,bakerandrea,#EQQGw+a0e,zwebb@example.net,3776137338147,Normal
USER_00000383,hreynolds,_!3)WmGy_!,smithdavid@example.com,7637297747501,Normal
USER_00000384,richardlewis,PON17Ax#Z+,travis90@example.org,0840089894980,Normal
USER_00000385,christianspencer,bj7nUapsh&,terri80@example.org,6679652581535,Normal
USER_00000386,webbbrandon,E@^)+4Km4z,xfitzgerald@example.org,1595330912965,Normal
USER_00000387,matthewfernandez,*ID5Dnak_z,stewartwilliam@example.com,2179449458050,Normal
USER_00000388,johncaldwell,T5jOV+oj+Y,lisa73@example.org,8463204832934,Normal
USER_00000389,jasonsandoval,G1MCeEF1^e,eanderson@example.com,8228914452351,Normal
USER_00000390,garrett68,@lN7!eCq6q,dharris@example.org,3663537135118,Normal
USER_00000391,nicole60,Q2KG4_2s@4,hermanmichele@example.com,7750035567332,Normal
USER_00000392,karismith,_mqD&PLS6d,sandersjoel@example.org,1174570443244,Normal
USER_00000393,grace40,bAk03W7eh&,stephanierobbins@example.com,2708096228502,Normal
USER_00000394,martinandrew,1DmLWJfh*5,acurry@example.org,0557733811810,Normal
USER_00000395,stephanie29,#kKC7XwQAp,dylan68@example.org,2084789727903,Normal
USER_00000396,lisawatkins,)nf3jJdoe1,kelsey25@example.com,5354828461313,Normal
USER_00000397,timothysnyder,8UVU+E+V^r,ykemp@example.net,2912028673363,Normal
USER_00000398,ronaldthompson,S2kHtVrj#N,petersonmatthew@example.net,7377222380918,Normal
USER_00000399,dwatson,@C#98DdrO5,jerrycarlson@example.net,6434126136084,Normal
USER_00000400,marissa41,%iY7I)l&e5,jesseshaffer@example.net,2069820331387,Normal
USER_00000401,cbarker,V+o8&YKcIJ,davidfoster@example.com,2095540928260,Normal
USER_00000402,pamela52,73U7zl^o%r,jgonzalez@example.net,8528886547724,Normal
USER_00000403,ycortez,y$u6iFmnO%,shanerobinson@example.net,3854961887465,Normal
USER_00000404,juliajohnson,(jajPALsk8,ijoyce@example.org,7911026988078,Normal
USER_00000405,chadking,$rAp6sJqq8,shannonboyd@example.org,1944379405341,Normal
USER_00000406,lopezsamuel,up3Likxk&(,victor31@example.com,6319600817200,Flagged For Review
USER_00000407,williamsshawn,$Y8NwC^y_6,martinezjay@example.net,3138762618727,Normal
USER_00000408,esharp,_2Xxx(Gbx5,kylestanton@example.net,1937609017760,Normal
USER_00000409,ariassandra,_rO_B3Yy%S,amartinez@example.com,9730717421573,Normal
USER_00000410,crosskatelyn,$LP8Xom!lk,robertstracie@example.net,0615144564506,Normal
USER_00000411,oleonard,pN!15hCt@a,sbryan@example.net,8286250521384,Normal
USER_00000412,dustinfrench,jx2zrPNfI%,zoe75@example.com,0815529573919,Normal
USER_00000413,ahall,nP_3XrGnGv,vanessa77@example.org,1337538759925,Normal
USER_00000414,adamscorey,q1J5HbCi+@,adammarshall@example.com,1771951632628,Normal
USER_00000415,reneecampbell,o1QGlb8g&0,harrisondenise@example.com,5033317225040,Normal
USER_00000416,robinjohnson,xy*9$Si1mk,tina63@example.org,0305728568111,Normal
USER_00000417,catherine73,!o%4Rsd4Ec,robinsmith@example.org,9017432602465,Normal
USER_00000418,christopher30,Ie)0sZlg@2,stevensjennifer@example.com,1912840185261,Normal
USER_00000419,jessicahancock,(5KuNv553x,blackapril@example.com,8378786306179,Normal
USER_00000420,monicawilliams,sKJiqs0A!2,carrielopez@example.net,9584123814029,Normal
USER_00000421,erinjohnson,qp4nsDiM+p,lynchsarah@example.com,4441892731143,Normal
USER_00000422,timothy32,0XJ%6grN@v,tinaryan@example.org,8627559190981,Normal
USER_00000423,grantnicole,)5WTdB3vM*,larrysmith@example.com,1182744008387,Normal
USER_00000424,barbara34,OidVE(Rp&6,jamesjohnson@example.org,3111990972573,Normal
USER_00000425,austin17,x4iEdvyk+G,petersolivia@example.org,4373562206922,Normal
USER_00000426,rita51,t_v%g9OfaH,scottsamantha@example.com,5775470356946,Normal
USER_00000427,debra50,^#4Ldr2xpj,oberger@example.net,5871617716447,Normal
USER_00000428,moralesjerry,E&a8Ctvp(Z,walkerkelly@example.org,2185837892483,Normal
USER_00000429,brendamclean,)v2#MZdz)2,rachel37@example.com,6061943488387,Normal
USER_00000430,xflynn,i#uZnF9e&1,sandra83@example.org,9425416829013,Normal
USER_00000431,emiller,gOE6#(EiF!,alanpoole@example.org,6515381162210,Normal
USER_00000432,andersenamanda,R7OGQQbp+V,sarahmassey@example.net,7727174549121,Normal
USER_00000433,mark18,cW#v6qUo(x,sarah78@example.net,5949158494957,Normal
USER_00000434,ccarr,k_3M5JSmXd,leonard62@example.org,5212196108805,Normal
USER_00000435,troy54,u2g4VSbR(I,tiffany44@example.net,1616368073548,Normal
USER_00000436,rmelton,ss6gOcEm^M,adam11@example.net,4470235795937,Normal
USER_00000437,ybenson,3RJF8Fe#@V,sarahbeck@example.org,2295108428734,Normal
USER_00000438,williamstimothy,0F+DfSnu_+,jeremypadilla@example.net,6622950173757,Normal
USER_00000439,sjohnson,@32lDyK#k*,jeffreychapman@example.net,3949751876199,Normal
USER_00000440,moralesvalerie,%(5D5a10n_,enash@example.net,8032105360901,Normal
USER_00000441,ehendrix,m6Jf64pQ(S,robin57@example.com,4284362775020,Normal
USER_00000442,emmafranklin,tE#1L@$poK,alyssawilson@example.com,9600541058390,Normal
USER_00000443,kayla42,*SC9Ljbt(1,schaeferrobert@example.org,9135440574047,Normal
USER_00000444,carl39,&7@ZszIk*S,mcintyregregory@example.org,0206656232309,Normal
USER_00000445,figueroajuan,*d0GW_tdc!,kimberlythornton@example.net,5987201026429,Normal
USER_00000446,cookjerome,w6IZ%Qrj(4,kestrada@example.org,5621644961482,Flagged For Review
USER_00000447,smorrison,A2AzLD1q&_,uhill@example.org,8316922947798,Normal
USER_00000448,dbutler,$@cAGAgz$3,allisongonzalez@example.org,6656627917810,Normal
USER_00000449,christina25,2qE4uqPtc(,walshbrittany@example.org,7042553662600,Flagged For Review
USER_00000450,bmyers,*)2RnzIZCr,iavila@example.net,9263394849939,Normal
USER_00000451,hgreen,TM7k!VZr%5,dawn56@example.com,1041541272201,Normal
USER_00000452,melissagonzalez,31m8S&tV#9,johncombs@example.net,1269916935260,Normal
USER_00000453,catherine19,%oAdX^(N3T,allen65@example.org,7695605974357,Normal
USER_00000454,ijackson,L9M@NKyh@g,ramirezkristina@example.net,0543036099304,Normal
USER_00000455,blopez,)_t4kI6m6z,michael18@example.org,2380431092134,Normal
USER_00000456,justin17,27OEFs4i@8,sherrishaw@example.org,3040664780858,Normal
USER_00000457,christopher66,^8Opwsp^$h,rramirez@example.com,5849546345258,Normal
USER_00000458,chapmanbrandon,ry1SffgN3$,tara34@example.com,7040981840500,Normal
USER_00000459,bennettapril,TlG5yPZv@v,jennaevans@example.com,3702415038543,Normal
USER_00000460,marc73,6I@c2YFnPK,jonesmichelle@example.com,5791288742735,Normal
USER_00000461,amandaellis,#wC8FDXY4!,ramirezstephanie@example.org,8163184391120,Normal
USER_00000462,xhernandez,H53TY66dx+,aaron75@example.org,2716960839567,Normal
USER_00000463,yperez,@u)MI*&u62,bensonpamela@example.net,8967624533098,Normal
USER_00000464,treyes,3x6TmdIx)f,foxjonathan@example.org,7361304295470,Normal
USER_00000465,kimberly26,^8VSp(tX8U,nwallace@example.net,5869861872346,Normal
USER_00000466,qoliver,dz^(u3C^*0,catherinemartin@example.org,0378515852738,Normal
USER_00000467,ipierce,^K!r7g1eT8,michaelshaffer@example.net,9520476529714,Normal
USER_00000468,davismary,v^(8eAAnrI,stevenmorton@example.com,8043502961301,Normal
USER_00000469,jeffreypatterson,KjD4P(sj!g,riverapatrick@example.net,1643997839309,Normal
USER_00000470,bmiller,@F@@deKf6a,michelle71@example.com,8270054352130,Normal
USER_00000471,wagnertheodore,^a7YOn_4p%,smithjohn@example.com,5724343752781,Normal
USER_00000472,anthony96,mUK1BJ5n@),heatherbailey@example.com,5285829772667,Normal
USER_00000473,loganking,%9ZSjx_DpX,bakerallison@example.org,0935055322440,Normal
USER_00000474,wangthomas,qhK7*7Ox+l,trojas@example.org,0708520188730,Normal
USER_00000475,jalvarado,%h3A6kn$j_,lhernandez@example.com,5175252261493,Normal
USER_00000476,colleensharp,+0Wv8joXP!,kimberly48@example.org,0956197318268,Normal
USER_00000477,jack58,r&&_9JLiE3,mdavidson@example.com,0658529411423,Normal
USER_00000478,angelanichols,E)o)6AjtLt,kstrong@example.org,0026249104381,Normal
USER_00000479,mejiawillie,_XsP2zAjv1,jennifer24@example.net,2136944582370,Normal
USER_00000480,dianeclark,5!7Rmb@fis,dennis27@example.org,1353673332114,Normal
USER_00000481,johnsonsamuel,%JflMcND93,angela06@example.org,2331936486126,Normal
USER_00000482,vaughnjohn,LAw6FtGx(G,zweiss@example.org,8420213056308,Normal
USER_00000483,jenniferrivera,*#W2Hw5(^+,elizabeth70@example.net,0303811643321,Normal
USER_00000484,sgonzalez,Sbzr0ZtZ^f,qtran@example.net,5009364870387,Normal
USER_00000485,joshua51,zf11JRYz(V,anthony25@example.com,1237056464303,Normal
USER_00000486,hamptonjessica,7!UU74JwOk,ashley33@example.com,6685010263524,Normal
USER_00000487,alanfisher,0W4l$$Li3+,philliphodge@example.org,2909981911531,Normal
USER_00000488,paulramos,Y3*aMRuv(g,yolandabennett@example.net,1014568379144,Normal
USER_00000489,reyesjoanne,BLXn7LSu+6,rholland@example.com,7948843193017,Normal
USER_00000490,shampton,o%87OXDo^v,kbrown@example.net,8762883821228,Normal
USER_00000491,irice,QE3J%Oki!$,kbrown@example.com,4713838512297,Flagged For Review
USER_00000492,andreashepherd,jyzl1TGRt*,adamsrobin@example.net,9348250581269,Normal
USER_00000493,anthony43,VoW62aAl(!,kimberlyward@example.com,5839272661888,Normal
USER_00000494,bishopjessica,_aPKyo6l$5,dmendoza@example.org,1561002963075,Normal
USER_00000495,ewebb,+P2nBCgKu&,allisonjackson@example.com,6728297219091,Normal
USER_00000496,cummingsamanda,)s)MH%sl8p,sandra57@example.com,6823416387303,Normal
USER_00000497,caroljohnson,@53(Vi#dQf,benjaminmartin@example.org,1455391538286,Normal
USER_00000498,greenronald,qud&0FNxn*,nmcknight@example.com,8694693815958,Normal
USER_00000499,tristan71,cn$KDnnn_8,michellemiddleton@example.com,5046722641658,Normal
USER_00000500,danamoyer,e!uE1LdNQn,ebarron@example.com,2208277369633,Normal
USER_00000501,ibrown,$rg*d0Drja,wrightmichele@example.org,5373461515781,Normal
USER_00000502,russelllisa,%Lys_Si^00,joseph41@example.com,9383807490208,Normal
USER_00000503,daniel74,+30lBQlZ1q,karipena@example.net,8496750630688,Normal
USER_00000504,dennishanna,Z*ze9J(hv%,nwhite@example.com,2607770292282,Normal
USER_00000505,kaylamaddox,3DORwFtF^2,kennedykelsey@example.net,2596227494833,Normal
USER_00000506,kellyruiz,j9cb&X4l%r,jonathanmyers@example.net,2968561208235,Normal
USER_00000507,bgraham,v424V7Aw@i,tmurray@example.net,2979446289104,Normal
USER_00000508,connerwendy,7^#^@4Cd8b,pbaker@example.org,2639564919407,Normal
USER_00000509,zmaldonado,$6nL!lTlYx,fcarpenter@example.org,2515052798782,Normal
USER_00000510,andrea59,!)SmF#^Ow4,jowilkins@example.org,1110695650097,Normal
USER_00000511,whiterobert,)x1448Tlm1,wilsonlaura@example.net,8914728172964,Normal
USER_00000512,hatfieldnatasha,k*7M4SGz_h,jeremy60@example.com,8322701454512,Normal
USER_00000513,markwilliams,$%w2QZquwF,patricia99@example.com,5148726893713,Normal
USER_00000514,carolyn03,8iNi!KXx^1,carlsonkatherine@example.com,9835631930941,Normal
USER_00000515,huertatyler,ib6YVSBwy$,kimberly24@example.com,8019813616965,Normal
USER_00000516,ashley69,%(8TxxHhwZ,fsmith@example.com,3660934729116,Normal
USER_00000517,sbriggs,y3SLvsD1@L,jose51@example.com,9685718739124,Normal
USER_00000518,marymyers,%xlFBxZh1n,leepamela@example.net,1146765098956,Normal
USER_00000519,larry93,hM$00JNm&n,sacosta@example.org,5880137549005,Normal
USER_00000520,gross,wM155bIt@F,egaines@example.net,9327397617000,Normal
USER_00000521,anthonydelgado,_re6Y)VvJ#,alexisharding@example.com,1606905631087,Normal
USER_00000522,rhays,!36Hdx5u^1,wrightmelissa@example.com,2576565454269,Normal
USER_00000523,kperkins,39pGe^t%#F,nancy08@example.org,8372275808726,Normal
USER_00000524,baileychristina,v5F)ZcZB)S,tphillips@example.org,5308413805153,Normal
USER_00000525,dramirez,(Q(K2yAopb,jacksonholloway@example.com,2591023143860,Normal
USER_00000526,teresa07,&1m*XWk!Yl,anthony13@example.net,0969243029619,Normal
USER_00000527,thompsonchristopher,)aKZIo6t3+,youngbethany@example.com,2374438036781,Normal
USER_00000528,wendy85,U#4^6qNs!C,gkemp@example.org,2303916365975,Normal
USER_00000529,fchavez,_Eo3OOMhy9,michaelward@example.org,3004513656032,Flagged For Review
USER_00000530,cannonjanice,mXbIeDej%1,baileysarah@example.org,0932001722374,Normal
USER_00000531,stephen34,LDcYl&kF(2,wesleyburton@example.net,9356377984897,Normal
USER_00000532,manderson,^*21Ken@i3,jessicadavis@example.net,0793375257856,Normal
USER_00000533,jmoore,4x!_wYSA+e,chowell@example.org,1675356352004,Normal
USER_00000534,christinacole,&@Z8G36x(h,christinaramirez@example.net,6771982570385,Normal
USER_00000535,james02,gFA4pcaP+3,jennifervalencia@example.org,7710484591879,Normal
USER_00000536,juliahill,&bNCU^8f7^,jonathan15@example.org,5109997784198,Normal
USER_00000537,jasonwhite,BiZLlqG9%3,wramsey@example.org,8816642421499,Normal
USER_00000538,lhenderson,NW9TIYrnA#,kathyanderson@example.com,3158453882278,Normal
USER_00000539,brianpope,o(0QpBpkHI,josephcharles@example.net,1726733500097,Normal
USER_00000540,wwells,+*CPf9ZpMz,derekmatthews@example.org,0102194612612,Normal
USER_00000541,hernandezsandra,9sA+CT$_(6,masontorres@example.com,2547173429765,Normal
USER_00000542,vcalderon,A1!z5R#wg&,charleskimberly@example.net,8928913879474,Normal
USER_00000543,ybrown,+riE%AvB82,katherinearroyo@example.com,9285662420325,Normal
USER_00000544,blester,)1T(@^bd@3,nataliehernandez@example.net,9842176525117,Normal
USER_00000545,kimberly98,)QM91Bc8V$,allison16@example.org,2705783730684,Normal
USER_00000546,ydavis,*87IEuAgRX,antonio87@example.org,0309158938669,Normal
USER_00000547,jamescarlson,$7zVq!Ip&7,karnold@example.com,7679251567855,Normal
USER_00000548,sweeneyjames,&8(#TNt0E7,spencerkendra@example.com,3235905412100,Normal
USER_00000549,stephen65,$wXwc5Cb25,mcphersonjulie@example.org,3563099837776,Flagged For Review
USER_00000550,vaughnjonathan,(12ZeW$iLT,kathryncasey@example.net,1212419789027,Normal
USER_00000551,ugriffin,J@5T@fkvse,ashleybaker@example.org,6802782853955,Normal
USER_00000552,ryanadams,k&3IHzkpUG,jasoncruz@example.org,8767849828355,Normal
USER_00000553,hutchinsonkevin,iQBTY5IZ$1,johnhansen@example.org,6735928938318,Normal
USER_00000554,cbeck,!1Y$NRgwKd,perkinssydney@example.org,0307970505199,Normal
USER_00000555,elizabeth25,$5Gh#a^t^Y,wtaylor@example.org,9275774000887,Normal
USER_00000556,jacobbrown,f06&XX_p@),ehess@example.net,4452490734448,Normal
USER_00000557,vincenthall,Q(O7TNQzIc,joshuabarry@example.org,7276934459357,Normal
USER_00000558,millerthomas,Tr24pxL0z!,michael82@example.org,8907254146208,Normal
USER_00000559,sromero,q!QOm1vYmR,btran@example.com,1404582092982,Normal
USER_00000560,angelaprince,)d%QGuKJ&5,gbanks@example.com,0283966866901,Normal
USER_00000561,wilsonlisa,K+W3eCka*F,crawfordtravis@example.org,5591483666871,Normal
USER_00000562,brianwillis,m0dtoFQa_c,nathan17@example.org,9684032824844,Normal
USER_00000563,sylviahobbs,x1p&1Qzmlu,ialvarez@example.org,0866738919651,Normal
USER_00000564,jonesdavid,3!0pKxWlj1,mccarthyjon@example.com,8724828767271,Normal
USER_00000565,howelljames,s1E#rVCbv+,atkinscaitlyn@example.net,6268832843115,Normal
USER_00000566,washingtonjessica,S^1RGlNLk5,stephenjones@example.net,3343047985688,Flagged For Review
USER_00000567,qrichardson,6g)JfWu++1,susanbrooks@example.net,1017288778103,Normal
USER_00000568,melaniecordova,q&7ueLYkHB,tbell@example.com,5195270515265,Normal
USER_00000569,alexanderanderson,)OUa&8Lg3t,annemoreno@example.com,5141228621869,Normal
USER_00000570,davidschmidt,Gd#07EpoUJ,tracey61@example.com,6090588495931,Normal
USER_00000571,rrichardson,^9Y#jDjbsS,robert45@example.net,5868753575693,Normal
USER_00000572,curtiscraig,&i!2LJUjy+,owensdavid@example.com,2328370873650,Normal
USER_00000573,stewartsheila,^E0t%Zs6!*,nashtracy@example.net,2159665570477,Normal
USER_00000574,michelle01,h+3lJV4hdd,browndavid@example.org,8536473695120,Normal
USER_00000575,james97,%%KyHe4q)8,mendezbarbara@example.org,7025133874262,Normal
USER_00000576,brianna80,)3XCOUy3Za,coxwilliam@example.net,7346109218919,Normal
USER_00000577,bestsarah,u4PGI@Tf%7,harrisonvirginia@example.net,6405898629319,Normal
USER_00000578,lisaferguson,5W)RgCBz@g,crawfordjason@example.net,8028865211441,Normal
USER_00000579,gregory19,aFWM9KXq+q,munozgary@example.net,0467073688403,Normal
USER_00000580,gmcpherson,SEiIG7Km(H,sandra04@example.com,7924558987997,Normal
USER_00000581,jenniferjames,a!0ZaVys&@,sharon20@example.net,9066804021753,Normal
USER_00000582,uevans,+AX7TSdGb5,srichardson@example.net,0285838256735,Normal
USER_00000583,keith86,+8KHlmdrzA,williamsmichelle@example.org,9870724693090,Normal
USER_00000584,kenneth27,re9@3SB10%,charlesmccarthy@example.net,9655071107490,Normal
USER_00000585,dbishop,_$w2jq5wMU,michaelroberts@example.net,5339344709601,Normal
USER_00000586,sandra71,A+j8nEdeUD,tiffany45@example.net,8288990160619,Normal
USER_00000587,justin57,r(1xIvjv!C,parkerleslie@example.net,0849901836894,Normal
USER_00000588,darrellhernandez,P6INvcvi@r,vcollins@example.net,9684377838094,Normal
USER_00000589,summer70,&3k%FcFx0Y,corymoore@example.com,6281258008263,Normal
USER_00000590,allensoto,#N%X9Kyvs#,sarahschmidt@example.com,9206792687332,Normal
USER_00000591,aallen,&3W!84ZbMF,mercedes89@example.com,8354807987244,Normal
USER_00000592,josephcoleman,CUoKM8kU(3,carlabrennan@example.com,7923217264724,Normal
USER_00000593,wilsonjason,p9tdFXvS#f,jerrygrant@example.org,4188690261217,Normal
USER_00000594,loganwelch,H#i5QplG+%,nicolevaughn@example.net,9484657172797,Normal
USER_00000595,angela69,^vijxJW&!1,marroyo@example.net,1624889599185,Normal
USER_00000596,xbaird,RTus3azxh*,brittany30@example.net,0259597471860,Normal
USER_00000597,katie48,S4RBA&fS!F,lewiskimberly@example.org,8875892544692,Normal
USER_00000598,chungjeffrey,jr$5A4Sdu(,colonnathan@example.org,6492762201887,Normal
USER_00000599,brennanpatrick,$3ZGuSPeqH,harrisbrooke@example.org,4449367072785,Normal
USER_00000600,karenburke,3O^3C0+lf),nortiz@example.com,5636604962957,Normal
USER_00000601,robertscameron,*(Tfm%5774,rwheeler@example.com,7595037517500,Normal
USER_00000602,hsanchez,)KvvVvoX)4,gwatkins@example.org,9966074350206,Normal
USER_00000603,ashleyflynn,&3x_(FsTWR,weissbrittany@example.org,0922998816237,Normal
USER_00000604,chelseanguyen,0VZqkYeS$q,calderonamber@example.com,0331909022027,Normal
USER_00000605,bennettkathy,e#Ux0jEc(6,lindsaymurphy@example.org,9585385035081,Normal
USER_00000606,whoward,YUV6%aZq!u,hallheather@example.net,8271329205547,Normal
USER_00000607,ystevens,vl2GFbk9!E,johnsonjacob@example.org,3000023521070,Normal
USER_00000608,rebeccataylor,4fFO0HYy%P,allenortiz@example.net,7014734948852,Normal
USER_00000609,gmeyers,q*r1GCLqVe,johnsoncatherine@example.com,9518693470182,Normal
USER_00000610,toddevan,26QtOP*L#D,romandavid@example.org,7312558060938,Normal
USER_00000611,aliciaalexander,HRx*3Al@zn,aford@example.com,2011810513466,Normal
USER_00000612,jacob67,&2PkrVxvg9,xaguilar@example.net,3364621888097,Normal
USER_00000613,hcompton,1gY3T7bFv%,creeves@example.com,4462558067434,Flagged For Review
USER_00000614,sandy18,^(gFg4Ij1_,shawnstevens@example.org,4267052233756,Normal
USER_00000615,pattersonshane,68PcNBZq^^,zwilson@example.org,2372136676635,Normal
USER_00000616,alexanderdiaz,^v%HCL@kT7,sabrina30@example.com,1491193499965,Normal
USER_00000617,courtney96,*R4XOhUi$N,thomasdougherty@example.net,7330482185481,Normal
USER_00000618,graymelinda,_8cLo9giJi,daniel08@example.net,1512445869226,Normal
USER_00000619,yvonne64,8AfCavhV@2,catherinegibson@example.org,9027681483306,Normal
USER_00000620,marybailey,QB)sI9CyaA,victor79@example.org,6267920793865,Normal
USER_00000621,floresthomas,&kZjZUWj#0,olivia53@example.net,8781033691765,Normal
USER_00000622,wbrowning,^8yzLRXhh(,rrodriguez@example.com,8106137701457,Normal
USER_00000623,jonesnicole,!F9QXwoV!+,morrisonbrittany@example.org,9492291897252,Normal
USER_00000624,earlfry,T)e2LMYv^c,phyllisavery@example.net,1003685688057,Normal
USER_00000625,alan65,F64hTl0!(B,elizabethjones@example.org,5377339280226,Normal
USER_00000626,jennifermartinez,#2WALUYbJt,wjohnson@example.org,1174588264712,Normal
USER_00000627,gharris,4B15FF@fD),rfaulkner@example.com,6203428021892,Normal
USER_00000628,sarah24,^5ppUWc(89,belljason@example.net,4329469080362,Normal
USER_00000629,bobbyperez,2_5rU5ygQv,heather79@example.org,9163646202137,Normal
USER_00000630,charlesaguilar,uL7Am#DU)H,acurtis@example.com,5209765193661,Normal
USER_00000631,rroy,5s6XcQCE_^,james55@example.net,2400236430277,Normal
USER_00000632,gcrane,8C19kmDj9@,jonestyler@example.com,1123765846203,Normal
USER_00000633,bsmith,$XY4OJzpR9,fordkelly@example.net,4052233967916,Normal
USER_00000634,cindy78,%g3AYX*mv_,chenpatricia@example.com,5203579708123,Normal
USER_00000635,wfuller,_42EIVyakB,hollyjackson@example.net,4900992320242,Normal
USER_00000636,whitney09,E!%6SHdzeo,bairdtricia@example.net,4430131694400,Normal
USER_00000637,sonyarichardson,(Yui*5DqH6,veronica28@example.com,7022558316367,Normal
USER_00000638,hector33,(1gx!oRxNt,vstewart@example.org,1399879259514,Normal
USER_00000639,mark34,@GO0Rv+y$&,laurahuang@example.net,6804919957160,Normal
USER_00000640,peter38,9&4cn1Qq$p,cdavidson@example.org,6199272425473,Normal
USER_00000641,tallen,&7hJ&XlhVy,jennifer45@example.com,9699566368843,Flagged For Review
USER_00000642,virginiahunt,_c)d47PayT,kimberly94@example.com,0351437292003,Normal
USER_00000643,aperez,4*N8wVYgc@,wsanford@example.org,0044314237620,Normal
USER_00000644,katelyn91,Z$z$2J0dlP,manueljones@example.com,1540733950209,Normal
USER_00000645,rsnyder,(cx^Gnfwq9,baileylarry@example.com,1628791627898,Normal
USER_00000646,greerkristina,s5o_TEQT^6,mitchelljohn@example.net,4356052779555,Normal
USER_00000647,apriljones,HqmFsFg@$7,lindabuchanan@example.com,9570510144565,Normal
USER_00000648,joshua90,(5QpUIo_Bu,ann37@example.org,6351047211201,Normal
USER_00000649,blairjon,$fRAiBcjf9,williesanders@example.org,0361995006201,Normal
USER_00000650,silvamariah,LZt0Q#px#P,millerpaul@example.org,0194242588810,Normal
USER_00000651,kimjennifer,*lt1AIqgk!,carterwilliam@example.com,9599194301755,Normal
USER_00000652,xwolfe,pp1IJ1hg#6,pamela24@example.net,4782100025545,Normal
USER_00000653,angelwilson,c!7e4Pr9wY,corey28@example.net,3666085024615,Normal
USER_00000654,michaelmercado,+@eA5QpI$s,sreed@example.com,4584572752720,Normal
USER_00000655,halljennifer,i@7EpeFh)V,ashleykelly@example.net,6850686877052,Normal
USER_00000656,dlove,*4wNCiELm9,jenniferwade@example.net,9262329186357,Normal
USER_00000657,alanhall,t4yQ3$kN_r,tsnyder@example.com,1375083039174,Normal
USER_00000658,jenningsdouglas,$4c!HnQdc#,bthomas@example.org,8725394036525,Normal
USER_00000659,tperry,vz!6bJHqR),marissahubbard@example.com,9686766828143,Normal
USER_00000660,millersamuel,Dw39YbT7W$,rlong@example.com,9380711546857,Normal
USER_00000661,lawsonrachael,L#E4dDji*H,bellgary@example.net,2279533143028,Normal
USER_00000662,petersonkimberly,CO9XL2wDB*,briannaanderson@example.com,7771417921309,Normal
USER_00000663,abigailwoods,0dtvl5Id@@,colliertracy@example.org,1438141769924,Normal
USER_00000664,gordondebra,CK49GVWx8+,sanchezabigail@example.com,4902845687515,Normal
USER_00000665,christopher10,O8Wh_QUi*s,karenmccann@example.com,7677170665206,Normal
USER_00000666,obrienashley,JB1J2q3f&T,ashleyscott@example.com,2469510115144,Normal
USER_00000667,renee02,$EjSqkwN2D,garrisoncarmen@example.net,5165086506697,Normal
USER_00000668,james86,@@W_D8JbW^,adamvincent@example.net,5005640204093,Normal
USER_00000669,ericsantos,D#4&YhbC!r,williampetersen@example.com,1947642763471,Normal
USER_00000670,davidhart,#8tTe4GMd4,jessica85@example.com,5075201845858,Normal
USER_00000671,smithjeremy,*8O+Gev#PZ,janicefreeman@example.net,1481051978041,Normal
USER_00000672,wallsaaron,!W^NU8Lrs6,casey06@example.org,1699727215798,Normal
USER_00000673,swebb,geDKZruv(9,bsmith@example.com,3026763655486,Normal
USER_00000674,longkenneth,A&2qRoj6#@,richardmiller@example.com,7722749239444,Normal
USER_00000675,nicholasvillarreal,1(FRYmbc!t,donaldholloway@example.net,8697572950103,Normal
USER_00000676,aphelps,)1N9!ti*)2,larsonrebecca@example.org,5129694332205,Normal
USER_00000677,tannerrobin,4$4EPay_^a,hurleylarry@example.com,4302688825495,Normal
USER_00000678,mgrimes,HP8AQQPnr%,mendozamatthew@example.com,8678450219092,Normal
USER_00000679,psanchez,@8zjuOcwm@,bgreen@example.org,7178827950779,Normal
USER_00000680,bonnie79,&A60#iFwO^,donna70@example.com,0486817018841,Normal
USER_00000681,mark17,KX7X@GkC@*,acole@example.org,5133579961631,Normal
USER_00000682,cbishop,W0kMW&WJ*d,chandlerjennifer@example.net,1147288302677,Normal
USER_00000683,angelacarter,a0Xq_3T7!9,jerryalvarado@example.com,9767324223919,Normal
USER_00000684,newing,^M6$AqsYk6,hollydavenport@example.net,9837645313542,Normal
USER_00000685,paulpope,*Xh4lvZq(&,alexandra26@example.org,2580127592956,Normal
USER_00000686,millsevan,^FD4!KolOi,brianasmith@example.org,7676756027790,Normal
USER_00000687,kimberlycamacho,#2QazWs*FD,craigkathy@example.net,1141506449537,Normal
USER_00000688,amy86,pE$4Ed0yK$,benjaminbruce@example.net,3226431077686,Normal
USER_00000689,rhamilton,&)5F7ImuB#,johnatkinson@example.org,9056586351768,Normal
USER_00000690,tiffanycampbell,QC4E1Fzq#R,pdavis@example.com,0488120052067,Normal
USER_00000691,lopezheather,8*agL5OpUZ,rallen@example.com,9632320125766,Normal
USER_00000692,kaufmannathaniel,&7(7KX$rvO,melanielyons@example.com,3755757706498,Flagged For Review
USER_00000693,vpotts,$d6(Jtm0_$,frederick45@example.net,8826083176549,Normal
USER_00000694,joshua81,*LPy52Otg+,westrada@example.com,9608056415057,Normal
USER_00000695,garciagloria,%7DjMWn+z&,ponceanthony@example.com,3325088262651,Normal
USER_00000696,mistyfarrell,#8ERHZjxc%,josephhale@example.com,6681039099074,Normal
USER_00000697,aflores,)42*NPmg9l,marksmith@example.org,8928305872348,Normal
USER_00000698,guerramichelle,9DZa11Wp@q,klinekayla@example.org,6971438382352,Normal
USER_00000699,joellindsey,+09vMR4jeK,shawnhopkins@example.org,4116702284182,Normal
USER_00000700,isaackemp,f^G93oIi&(,yobrien@example.net,6910192166585,Normal
USER_00000701,tuckerjeffrey,(30Bs0Rs8^,dgreen@example.org,6527593242602,Normal
USER_00000702,william20,$hif(EX03L,griffinbilly@example.com,1287413236477,Normal
USER_00000703,shieldsamanda,SyI2_IhS*G,williamsamanda@example.net,4947530011936,Normal
USER_00000704,jermaine19,(E!TInC%+6,amanda73@example.com,7578892117345,Normal
USER_00000705,steven04,rj+66(Kj0b,michael95@example.com,4066024730576,Normal
USER_00000706,alexandercraig,KFU%XjLJ$0,ahogan@example.net,4889935119803,Normal
USER_00000707,yangkendra,%#rJMuf6z1,elliskaren@example.com,4957332447645,Normal
USER_00000708,cheryl61,r^9WdxAI*A,morristiffany@example.com,0347043494539,Normal
USER_00000709,kennethfreeman,*fNLE3alE0,coleshirley@example.org,0581070807030,Normal
USER_00000710,aaronscott,xy$s%7Ou7d,shirleygillespie@example.com,6588502421212,Normal
USER_00000711,williamskatrina,_0hQ84Ke70,burgessfranklin@example.com,3898004773196,Normal
USER_00000712,rubiogreg,c#$9H0vb*r,leslie52@example.com,9067628972436,Normal
USER_00000713,devin29,m78bWj2q!u,christopherpreston@example.net,5449707446181,Normal
USER_00000714,russellcrystal,%i9V2q&n*$,justin04@example.net,1331740487937,Normal
USER_00000715,ujohnson,h9RAKnCW)G,lawrencenicholas@example.org,8949115331739,Normal
USER_00000716,cartertheodore,x^8ZzvxUd0,goodwinanna@example.com,4431295398629,Normal
USER_00000717,christopher73,^Y7Vfzjqw*,medinaandrea@example.org,3012061026279,Flagged For Review
USER_00000718,martinmichael,(tV4B_0iK#,swalter@example.com,2595246978624,Normal
USER_00000719,qbailey,f8LkR@3e%J,ashley08@example.com,9716066724390,Normal
USER_00000720,yatessteven,$%3gFHn2Q9,warrendavid@example.net,5685150973924,Normal
USER_00000721,combsnathan,#m1izZyF5D,turnerbilly@example.net,4148790899143,Normal
USER_00000722,katherine99,$c0hTqgad3,plopez@example.com,2425813345004,Normal
USER_00000723,pchristian,w+@6LbqiXb,jonesbrian@example.com,8532368569087,Normal
USER_00000724,juan09,QMHnXY)i@1,pattonvictoria@example.org,6333317618707,Normal
USER_00000725,delacruzricky,YS+1dB6i&S,hallkimberly@example.net,8419981788770,Normal
USER_00000726,thomas86,I(1L#sJli#,janice41@example.org,1925087347558,Normal
USER_00000727,lozanokimberly,RrE9lMa7b(,jeffreyduran@example.net,2364817869427,Normal
USER_00000728,james37,%BwNSdah1G,sheilaphillips@example.com,6114487071113,Normal
USER_00000729,michael53,tYJFDled*2,nicholasford@example.org,1192191938640,Normal
USER_00000730,jamiepacheco,!)K@TAwb66,fostercristina@example.org,1617021061658,Normal
USER_00000731,oconnorsean,jL2WyVEv5#,joanna26@example.org,7524527718087,Normal
USER_00000732,nataliewilliams,6^4OzdMV)7,jennifer06@example.org,0333868113215,Normal
USER_00000733,steven64,tJ7T)^Mo%2,smithtroy@example.net,1279429989333,Normal
USER_00000734,amy14,+cKjRwGt4w,perezdon@example.net,6522612230804,Normal
USER_00000735,dfleming,!%6xy!Rz6I,alexander32@example.net,2373406169507,Normal
USER_00000736,rachelbautista,Ok4LTO3cH@,clifford62@example.org,1289277556824,Normal
USER_00000737,barkernicole,iiK3FK@cb*,anne51@example.com,1604974055888,Normal
USER_00000738,kelli62,+)3ONctSNM,zsnyder@example.com,8441792663598,Normal
USER_00000739,brian45,ukkBy6Wo^8,wwilliams@example.com,9256586633354,Flagged For Review
USER_00000740,mitchellrichard,^ZGlm8lZn4,charlesjones@example.com,4176127246321,Normal
USER_00000741,maykeith,0x6Sn2Xi@0,barrettcrystal@example.net,7561420724406,Normal
USER_00000742,terrykelly,_8UczxHv^B,perezkevin@example.org,2919125889004,Normal
USER_00000743,huntergarcia,$K%T!4fP5t,ellisondarren@example.org,9595307874155,Normal
USER_00000744,hoerin,13gYF4n!(g,owenrobert@example.com,1816759444924,Normal
USER_00000745,brianarnold,^^DnFrepk4,scottamanda@example.com,7382375337888,Normal
USER_00000746,garciachristie,_u38m6Xb!%,blopez@example.org,4095288992365,Normal
USER_00000747,anngonzalez,bU+Z1qIJ#9,alexandernatalie@example.com,3232835259563,Normal
USER_00000748,stevenluna,5ib03Yy25@,coxroger@example.net,7291513609401,Normal
USER_00000749,abaker,#b#D@tINj3,brian06@example.com,4289908449138,Normal
USER_00000750,larry64,(dW7W(pck8,awilliams@example.com,4586665307424,Normal
USER_00000751,lori29,@5^8kBzNK_,uphillips@example.com,3794918591808,Normal
USER_00000752,samuelrios,_4DKNVzd4i,davideverett@example.net,9856449276219,Normal
USER_00000753,molinajonathon,+#w2QPGi+w,salexander@example.net,2908369316063,Normal
USER_00000754,xjackson,%e8JEN&6j0,gomezaaron@example.org,9749956511234,Normal
USER_00000755,ophillips,+uOIwFPe77,kimjohnson@example.org,0336224506477,Normal
USER_00000756,sararobles,XK9b9Nsje(,denniserin@example.net,9945688689834,Normal
USER_00000757,keith13,*0l^$HQ!n_,jamesmartin@example.net,7923758043140,Normal
USER_00000758,jacqueline21,U%@#UFKa)7,whitneyfrederick@example.com,2252678097298,Normal
USER_00000759,tammiepage,7vZ3%6Nc+A,jessica53@example.net,3998529201543,Normal
USER_00000760,ismith,kx0R5Dku*z,elizabeth16@example.org,3243915018133,Flagged For Review
USER_00000761,bennettkathleen,bm9AXrxdd&,xhopkins@example.com,1157897500823,Flagged For Review
USER_00000762,raymondclaire,6h$1KfNmW),rachel31@example.net,0261230353838,Normal
USER_00000763,hcastaneda,Kj4y4Zyk@d,scott20@example.org,7628147540003,Normal
USER_00000764,jamessantos,#V@w6BiiW3,idudley@example.com,8748815973844,Normal
USER_00000765,allenrobert,)&0Y@a1@j&,meganhanson@example.org,6878616373123,Normal
USER_00000766,millerkimberly,d#0+Du#6#Z,cesar97@example.com,6873944342486,Normal
USER_00000767,halljose,XC9TYMk$$4,christopher92@example.com,4333723140888,Normal
USER_00000768,wowen,LG93SYot#4,seanwilliams@example.com,6970898474575,Normal
USER_00000769,nicholas93,793oGyWd_r,markgallagher@example.net,7485975578336,Normal
USER_00000770,williammiller,0&v(XZYJ+u,carrie69@example.com,5516972390743,Normal
USER_00000771,codycaldwell,((NWTWvt41,paynevanessa@example.net,4826415935269,Normal
USER_00000772,erodriguez,k37Cg)ro)H,abrown@example.com,7526622963172,Normal
USER_00000773,richard66,m#8MUpWla_,megan24@example.org,0438866835874,Normal
USER_00000774,charlesjustin,#6R@Rts&j2,sharon80@example.net,8944110805254,Normal
USER_00000775,davidbaldwin,_Wf9IcuJdr,qjensen@example.com,1932788099548,Normal
USER_00000776,kathygibson,L$NtpKnr%4,krista96@example.net,3374722833975,Normal
USER_00000777,bensonemily,(m9ZiMqyO@,xobrien@example.org,2085591758482,Normal
USER_00000778,bolson,e%z7SqgevG,qgibson@example.net,6870611654480,Normal
USER_00000779,brianna75,_&FP6p+f4u,faithdean@example.net,4525714419982,Normal
USER_00000780,hinesstephen,_(b2JsLhpx,hodgerichard@example.org,0629608807900,Normal
USER_00000781,aramos,hR3qLF8y3#,ioconnor@example.net,6173015224056,Normal
USER_00000782,matthew55,#yK0LRtGW^,angelacontreras@example.org,4541376031090,Normal
USER_00000783,megan89,B)A1P%*Obz,estradatimothy@example.com,6981412065812,Normal
USER_00000784,ashleylevy,J)h1GGIwxJ,mjohnson@example.org,6099164761470,Normal
USER_00000785,acarr,j_$j0bHjAH,imoore@example.com,1300642383486,Normal
USER_00000786,nicholas44,93sf#Nue*T,xlarsen@example.com,9668250358475,Normal
USER_00000787,brittanygraham,L&9Bvf+kxR,barbara43@example.org,3312321795749,Normal
USER_00000788,tranmaria,)cZKPzTDM2,jason37@example.org,0932131108041,Normal
USER_00000789,roger21,@7MwFp#r^9,emorales@example.com,7385550647166,Normal
USER_00000790,nflores,zX%O0Kcfjh,aguilarheather@example.net,8281716969561,Normal
USER_00000791,jennifermeyer,*MHc&!+zg9,sparks@example.net,1504297670687,Normal
USER_00000792,deborah51,4)WMV^p8!m,qellis@example.org,7528282507841,Normal
USER_00000793,cmason,AQ1PDCua_M,barkercindy@example.org,4584724296562,Normal
USER_00000794,myu,$1ruXoRvI#,alexanderkennedy@example.net,1738555495404,Normal
USER_00000795,theodorewilliams,#l2Z8R)s4G,shaunrogers@example.com,1843658650746,Normal
USER_00000796,perkinsjennifer,paOSWzOq$3,masseyeric@example.org,9281010964885,Normal
USER_00000797,april14,iR&21Qnk_S,allison99@example.com,7567601262316,Normal
USER_00000798,sscott,&5lTopW1C@,melissa87@example.org,7514557104432,Normal
USER_00000799,bretthill,&)uXOf4634,gabrielmack@example.net,6053438193105,Normal
USER_00000800,hollyguzman,JO39HPwyZ@,ericjensen@example.org,7746961642733,Normal
USER_00000801,zhiggins,_(5DrqkQy#,whiteeric@example.com,1268185931207,Normal
USER_00000802,billy62,W_Lp9gvm2S,christopherturner@example.com,3291374315988,Normal
USER_00000803,jasonwoodard,)aiA0E5y9F,stephaniechandler@example.com,5090718396456,Normal
USER_00000804,egilmore,+0X6%cVw_+,nancyburton@example.net,0048068030471,Normal
USER_00000805,williamsmadison,^4wzOHC$sr,sethclements@example.net,8677520570976,Normal
USER_00000806,eallen,)cb!8H*dXh,yelliott@example.com,4679100622715,Normal
USER_00000807,walkerdanielle,6O&_3MuJ^Y,smithmatthew@example.com,5815447672228,Normal
USER_00000808,ashley70,v1M4nl6q$a,chambersralph@example.net,6379084346115,Normal
USER_00000809,lawrencerodney,WbXLSONk%7,taylortracy@example.net,0130594319993,Normal
USER_00000810,uriley,ed21N&(lQ&,sjones@example.net,5925624477865,Normal
USER_00000811,gnunez,uhZ9QSt%J#,amanda79@example.com,1635129412872,Normal
USER_00000812,toniconrad,*AQ12LAl*),vpeterson@example.org,2803239748168,Normal
USER_00000813,wayne45,&XVIRzft(1,byrdjeremy@example.org,4498139219306,Normal
USER_00000814,andre65,5pOXy@^!@t,dryan@example.org,9633741641593,Normal
USER_00000815,sanchezjason,a0l!MlsV+i,monica24@example.com,1906189004048,Normal
USER_00000816,carneyjoseph,K_L8X*xq+p,riverachristopher@example.org,4235749569227,Flagged For Review
USER_00000817,douglas76,(bKnxq854q,derrickgreen@example.org,5877478906112,Normal
USER_00000818,kevinlopez,n@3*c4Pc!k,ricky66@example.net,6234530132660,Normal
USER_00000819,lwallace,_4LcT3vV!l,ucasey@example.org,3301369068224,Normal
USER_00000820,barbarasmith,w*5W@Tqb9!,batesvincent@example.com,0622765988100,Normal
USER_00000821,qjohnson,KW7QCt(m_u,scottrebecca@example.org,9547206403283,Normal
USER_00000822,vickievance,()6V)t_qaj,claudia19@example.net,8063072380047,Normal
USER_00000823,jstone,LXK3c8Uj%@,brendaolson@example.com,4308411707307,Normal
USER_00000824,ambercohen,FNn4Zf9f+Q,xmeyer@example.org,9515088337839,Normal
USER_00000825,shensley,+#1VYo1t_G,comptonkelly@example.org,4657287660255,Normal
USER_00000826,vroberts,$D2J*Ex0B9,fthomas@example.net,9519104561076,Normal
USER_00000827,brianfischer,Oy@3uDT1a),charlesthomas@example.com,4109283178812,Normal
USER_00000828,bethkeller,_oATtVeSK4,redwards@example.org,6022060549055,Normal
USER_00000829,haleyadkins,S5cD8yK3$o,armstrongjermaine@example.org,5060076153827,Normal
USER_00000830,deannalove,AVC8SAud+S,simmonsmario@example.com,0752517686896,Normal
USER_00000831,jacobmorgan,Y0vF$NiY%b,jasoncurtis@example.org,0692829967559,Normal
USER_00000832,pacegregory,j@17#EpI@p,stevenroberts@example.com,0653809158089,Normal
USER_00000833,cassidy72,_t8sPISxM6,adam91@example.com,7671055170111,Normal
USER_00000834,alexanderjennifer,__95MGJmer,denisegregory@example.com,2298832154782,Normal
USER_00000835,iruiz,RO)4S9d5kS,caroline08@example.org,6345839314594,Normal
USER_00000836,spencerjonathan,(YYulKo0#6,gwright@example.org,1554400217391,Normal
USER_00000837,brittneylopez,!74b!Oj2GU,john42@example.org,1824575947483,Normal
USER_00000838,kbrown,9N97FTfyT),smurphy@example.com,7413324165835,Normal
USER_00000839,blucero,LXS9QXm+g&,jennifer77@example.net,4990348775879,Normal
USER_00000840,josephmarshall,!!4Epmpd9+,joel00@example.net,2297526939201,Normal
USER_00000841,pwilson,$@0kJlo9$),katherinemorgan@example.com,5399379736596,Normal
USER_00000842,millermaria,+3o+Pmj@rD,whoward@example.net,7199743147873,Normal
USER_00000843,mark87,J81o9S+mr^,adambennett@example.net,9388498324278,Normal
USER_00000844,suzanne28,Cr26PCPu@(,cward@example.org,8570636471255,Normal
USER_00000845,mflores,9$0LwXkxed,allenlinda@example.com,2868238669646,Normal
USER_00000846,vincentamy,z07BgyhGc#,turnerchristopher@example.com,2259874232438,Normal
USER_00000847,whitedanielle,!S7OFGd1u6,ryansmith@example.org,2330564640383,Normal
USER_00000848,jose80,%Hx#+iIfF7,amberosborne@example.net,2127000130544,Normal
USER_00000849,dmccormick,wR4AvDaiM_,ellischarles@example.com,6836016854221,Normal
USER_00000850,ldrake,+0@h#5Ck*r,shaneclark@example.com,9773908342514,Normal
USER_00000851,stewartchristopher,P0Cuw*s3)M,jenniferluna@example.org,7683972821978,Normal
USER_00000852,angelawebb,)EA5JVxff1,vincent94@example.com,8418577573119,Normal
USER_00000853,elizabeth24,5@dA61xz)b,linda14@example.com,2021022262731,Normal
USER_00000854,whitemichelle,_6E3wNId4u,michael03@example.com,9366438133237,Normal
USER_00000855,richardjones,u$Xkd7)e)1,zachary58@example.com,5880009148320,Flagged For Review
USER_00000856,shanedavis,(@E3Dvl8vB,ashleymartinez@example.org,6956674418305,Normal
USER_00000857,danieljennings,j9HhMcVU#9,qcole@example.org,3895375727693,Normal
USER_00000858,smcneil,@ap*Zj3y1K,julia08@example.net,4000894600601,Normal
USER_00000859,gcox,!^6^Kwf2d_,scotthunter@example.net,3903679552916,Normal
USER_00000860,arose,2oR9YZj1%!,markknox@example.org,5360027515171,Normal
USER_00000861,acurry,7vSZI*Fh^d,andrew52@example.net,1106044611722,Normal
USER_00000862,kcarroll,+0Om)BGgnX,costakaren@example.com,5870413612602,Normal
USER_00000863,gerald58,z(Q^3Bdhd2,sanchezanita@example.net,9396550932223,Normal
USER_00000864,browndavid,6vG10&Edw(,vrose@example.com,2267479481403,Normal
USER_00000865,karcher,3MAXD+!t)X,jamescarr@example.com,6433516346045,Normal
USER_00000866,westsharon,d+u_F50tYC,wbooker@example.com,1987869152417,Normal
USER_00000867,tonyaacosta,(PVIk^xaU7,sjohnson@example.org,7197733559376,Normal
USER_00000868,sharonperkins,!Sz5F@rfr^,michael23@example.org,1926964001955,Normal
USER_00000869,anthonyhanson,dI+2FEfWJC,valeriegriffith@example.com,0295742628719,Normal
USER_00000870,thomascatherine,Pvev^5IguV,tyler44@example.net,3693145352008,Normal
USER_00000871,damon75,f$P1kRHyYH,salinasnicholas@example.net,1558339713111,Flagged For Review
USER_00000872,annelewis,#n3jUuDs2_,rothgabrielle@example.com,9021847208576,Flagged For Review
USER_00000873,millerjennifer,I@7vJfWkcv,raymond15@example.com,5468862157799,Normal
USER_00000874,jessicastevens,C+4KSryt+W,slopez@example.org,5493119869191,Normal
USER_00000875,carterchristopher,ML51PHd2^2,rjenkins@example.net,1422041822635,Normal
USER_00000876,cheryl59,D9l3iRu6h&,crosscharles@example.org,4305795601848,Normal
USER_00000877,owright,B$)Jj5Qr7g,marcuslawrence@example.org,7153424518995,Normal
USER_00000878,wjames,CE1o(^ls0%,leejames@example.com,9213006280442,Normal
USER_00000879,phenderson,p+9O7(kNba,laurenramos@example.org,8536899325745,Normal
USER_00000880,jacobsanchez,o(!8+FBpQu,miguelholland@example.org,5444260365506,Normal
USER_00000881,dunnmolly,!SdQRAyp%2,danielbarrett@example.net,2975604650734,Normal
USER_00000882,ballbrandon,_s)TBHdr!4,patrickwalker@example.com,9345934754338,Normal
USER_00000883,andrewsmatthew,UC0xmVKts_,imalone@example.org,7192556619764,Normal
USER_00000884,brooksmelissa,QB8yMP5p#3,danny18@example.org,7428771012425,Normal
USER_00000885,kelleykristen,(i37gTaWqt,michele48@example.net,3201130717026,Normal
USER_00000886,margaret21,tmq8MW7iE^,woliver@example.com,5190929405274,Normal
USER_00000887,rwatson,O7h8TBXk!2,michaeljones@example.com,0747601715409,Normal
USER_00000888,selenalee,)$s^0uFnI),gharrington@example.com,5117373211349,Normal
USER_00000889,xbenson,+RQ4ImeSOQ,samantha88@example.net,3148502100951,Normal
USER_00000890,ldelgado,P0MgNrmw+@,jayrivera@example.net,5901566813685,Normal
USER_00000891,hortonsarah,!hG^h5iZ3V,fjohnson@example.com,9466065252785,Flagged For Review
USER_00000892,tiffany56,+L)#9EUqH1,kevin58@example.org,7001708916066,Normal
USER_00000893,jdouglas,&1x(iX1z5J,petersbrady@example.net,3403053234077,Normal
USER_00000894,jasonhernandez,%1o0Ncb8gv,jsmith@example.org,2376578151005,Normal
USER_00000895,nicole46,^2In!irhDz,vtucker@example.org,1141560971730,Normal
USER_00000896,ramossteven,%4NOW_vLGY,annagalloway@example.com,1405917959059,Flagged For Review
USER_00000897,laura10,#6WqoN9tFx,andersonangela@example.com,3833723205846,Flagged For Review
USER_00000898,wholmes,z%3Bsk(6bQ,reidtina@example.net,4694326665297,Normal
USER_00000899,xlarsen,Qm4cZNKk(%,hluna@example.net,2594672250046,Normal
USER_00000900,matthewmyers,$7K)fqS*^k,greed@example.org,9807633538320,Normal
USER_00000901,justinshaffer,&sMK56FmU@,padillaian@example.net,9787823454920,Normal
USER_00000902,jacksonlouis,+7$#u3JuUG,johnsonsusan@example.org,6979967783808,Normal
USER_00000903,susan60,3(g0K0%C*t,hahnkimberly@example.org,4105073189125,Normal
USER_00000904,smithian,oY9HJ5w4&9,adamthompson@example.com,9450288906044,Normal
USER_00000905,jbranch,98PNu_gg@E,armstrongcharles@example.net,3975341357105,Normal
USER_00000906,kevin44,yN7@Y9Bjmp,barkerjesse@example.org,3008263045720,Normal
USER_00000907,kdecker,)g3&IKmqiG,lthompson@example.com,3793199497584,Normal
USER_00000908,ronaldlopez,7^+(P1K9Az,njennings@example.org,0610186632664,Normal
USER_00000909,nadkins,_6WhZcu$!3,shawbobby@example.net,2654647685232,Normal
USER_00000910,wbender,a5!Gub^k_J,allenmichelle@example.net,0863010757975,Normal
USER_00000911,rodney81,+N%S*XM$w0,lisarichards@example.org,0898282536876,Flagged For Review
USER_00000912,taylorsusan,+$2Koa^j@D,jennifervega@example.net,5645924023812,Normal
USER_00000913,joelherrera,(vn6ElG5U),sarah22@example.net,2176890085773,Normal
USER_00000914,kevin41,!$9)Ch8e5G,michaelcooper@example.net,1676567429101,Normal
USER_00000915,rnavarro,F8sMT9p3%Y,judithbrown@example.org,6116875446513,Normal
USER_00000916,katrina53,2xK$8Ajy$c,loretta88@example.org,9511694512953,Normal
USER_00000917,rriley,T*M3^BjxT_,seandougherty@example.net,6046185610789,Normal
USER_00000918,paula87,Ro#o3VCy)H,haley23@example.net,8545274780204,Normal
USER_00000919,krystal85,&W5o1IngU@,zterrell@example.net,6554285251866,Normal
USER_00000920,waltersalyssa,(ccVlJkB1R,jesparza@example.org,6830439770550,Normal
USER_00000921,lambmichael,M8RzRpQa&O,samantha34@example.org,2803197912373,Normal
USER_00000922,smithscott,_28zR4ziL(,csmith@example.org,3500220388019,Normal
USER_00000923,reyestyrone,LmT@Z8rr#8,staceyfuller@example.org,0113664255864,Normal
USER_00000924,claytondean,C!Z0GYBsBm,kristy58@example.com,3884933286404,Normal
USER_00000925,robertcampbell,D#M8QUQi6g,danielevans@example.org,7975003972197,Normal
USER_00000926,ublair,M(k1SlBxkY,diamond64@example.com,3729105297364,Normal
USER_00000927,bryanbeard,m9z1Picy)%,laura13@example.net,6097072447369,Normal
USER_00000928,mitchelljennifer,K#3BqqI^rR,mitchellanthony@example.net,9575328853330,Normal
USER_00000929,taylorgaines,7_4LqxSn^J,josephmueller@example.com,8678067161919,Normal
USER_00000930,lcontreras,Ab#Mrcbn*8,lisa48@example.com,5428514266205,Normal
USER_00000931,alexandermargaret,652Ci_5w)4,herrerajessica@example.org,5108990564049,Normal
USER_00000932,irodriguez,23aV3tvD+B,josephwalker@example.org,6938860763796,Normal
USER_00000933,jpeterson,)FCsaOxZ2k,jibarra@example.net,1312921705721,Normal
USER_00000934,jeremiahbarnett,+9rKDzlFR2,nzuniga@example.net,9142033419665,Normal
USER_00000935,dwatkins,m&7E5Unvuj,robertvillegas@example.org,9864079508576,Normal
USER_00000936,ageorge,rb+7Vq&+tG,jessica04@example.net,0418340140110,Normal
USER_00000937,twilliams,jx%9CzR*%B,wfuller@example.net,5502684103435,Normal
USER_00000938,athompson,biY2McAj_W,hudsoncurtis@example.net,7766210152969,Flagged For Review
USER_00000939,griggs,748S*oJN#s,bryanking@example.org,2445952787208,Normal
USER_00000940,barrettashley,m0Y7X9Fj(R,michael44@example.net,2334598932091,Normal
USER_00000941,carloschristian,Y^4VjMQlP&,michellebates@example.com,9112461992630,Normal
USER_00000942,andrewcummings,*L3OC(%qev,xhudson@example.com,1258007190413,Normal
USER_00000943,williamfischer,D6b7WLg0(q,douglasdaniel@example.com,4224225352725,Normal
USER_00000944,qlin,I!mBx42bIX,lisa96@example.org,7606996370912,Normal
USER_00000945,nicholas44,^0a9C%tce^,gillespiejoshua@example.org,8386550898842,Normal
USER_00000946,stevenchristensen,+s9UWg$yv$,williamsgina@example.net,5235140409909,Normal
USER_00000947,robert12,)%2evXQlX!,drogers@example.net,5826059160853,Normal
USER_00000948,joycejesse,)bnvCSxd7(,kevin54@example.com,3638566871493,Normal
USER_00000949,sobrien,@&9D@Rj#os,lindseysmith@example.org,9464146404245,Normal
USER_00000950,ehart,$0Oz*1HvU9,kelly51@example.org,4075773212417,Normal
USER_00000951,ronald62,t)N4aDSe5!,jonathanbrooks@example.com,9670856935248,Normal
USER_00000952,meganbond,uw3vGZk+^b,owenmichelle@example.com,5533933313698,Normal
USER_00000953,jason53,b++05FKkvb,pholland@example.net,9673461197851,Normal
USER_00000954,ynelson,zF&29Opw$e,farmertonya@example.org,9174652471806,Normal
USER_00000955,daniellelester,n)2Pm&p8k4,gchung@example.com,9388254357170,Normal
USER_00000956,cindy54,0kKS3Iri_$,roy07@example.net,6810020427763,Normal
USER_00000957,joycekrista,&3Q(eqfJ1C,amy85@example.net,7829657978303,Normal
USER_00000958,amysmith,a_m*7MugN7,smithkaren@example.net,3388839964410,Normal
USER_00000959,aguirreannette,Z23FBPs1J^,dbeard@example.com,6348694428864,Normal
USER_00000960,jacqueline63,$(JbK1Mm&(,xshort@example.org,4097519169438,Normal
USER_00000961,davidmyers,$IsrR)fH(8,kevincraig@example.com,6562546294692,Normal
USER_00000962,steelescott,y8kzvT6p+n,ibryan@example.com,5768758092451,Normal
USER_00000963,mmontoya,LW))8zDyqh,jacobsonmartha@example.com,2277531672825,Normal
USER_00000964,jeffreyjohnson,^)xEHyNbK7,stephanierosales@example.org,3112743988185,Normal
USER_00000965,steven81,&%WwNzlg2C,elizabethrobinson@example.net,4819541425819,Normal
USER_00000966,mcdonaldcharles,(K6NGFRn1P,tracylloyd@example.com,2496461503366,Normal
USER_00000967,courtneyhenry,*0Eq&D6)hh,gardnerthomas@example.com,6450462515122,Normal
USER_00000968,jamie83,R)o1ElW@$@,halldonna@example.org,2274254112509,Normal
USER_00000969,jilliancompton,6$_dH1CacF,marcus43@example.net,6001091755860,Normal
USER_00000970,arnoldraymond,Pds66WYdd#,timothywagner@example.com,8600499024097,Normal
USER_00000971,williamskimberly,51Ka)OdA(r,scott80@example.com,2081610183285,Normal
USER_00000972,beardjuan,%*@gjDm39b,carrie50@example.com,7447706311588,Normal
USER_00000973,kellysingh,!5LbDk70*+,brianmartinez@example.org,2611096626860,Normal
USER_00000974,vmiller,02rsGMpK%D,veronicajones@example.net,3141287258512,Normal
USER_00000975,nsmith,vH&8nBxpmE,robert16@example.org,9200240147671,Normal
USER_00000976,blairdavid,9aAzQ!SO(x,tina33@example.org,8580868590970,Normal
USER_00000977,watkinsstacy,K%5CFmLauq,masonmitchell@example.com,6254226496379,Normal
USER_00000978,cjackson,t1xOVahT(&,calvinramirez@example.org,9762148648088,Normal
USER_00000979,julie66,NfKTaRX1*4,dawn07@example.com,7264155487228,Normal
USER_00000980,mitchelljared,+Ii2kM)x3i,hallashley@example.com,3125910435197,Normal
USER_00000981,savagejonathan,F%18Nc!V1!,torresmichael@example.org,8896577221860,Normal
USER_00000982,ymiller,*py@RZfH%8,wilsonjessica@example.com,6729292793572,Normal
USER_00000983,connie36,zV#9#BpreN,krauserobert@example.net,3151474670234,Normal
USER_00000984,westjessica,m!2_uAaJjO,jeff04@example.com,9643178923242,Normal
USER_00000985,williamsalexis,_zI$qeu)A6,jenkinsshane@example.org,4428269849588,Normal
USER_00000986,oscott,8w1qsD%a)6,sototyler@example.org,6665329502264,Normal
USER_00000987,robinsonlisa,tY^7QjYy*),michaelriggs@example.org,6650353127647,Normal
USER_00000988,petersenjanet,PS*k0SuNRw,xmartin@example.org,1538803735296,Normal
USER_00000989,grant32,)k11Quzr6K,cassie06@example.com,4122924802253,Normal
USER_00000990,zmelton,$P0p5Q^eH^,yfarmer@example.com,3781226743344,Normal
USER_00000991,mbyrd,JOFD4Tpu)y,fbennett@example.net,0352597922445,Normal
USER_00000992,samanthalee,&sO6UC3ePo,zwang@example.org,6973561936618,Normal
USER_00000993,jesse65,&2Hv&^HoE7,michaeljones@example.net,4614893441840,Normal
USER_00000994,stephensmith,80QeQp5h!x,brianhoover@example.com,9739636868155,Normal
USER_00000995,qmartinez,(bu5ZtH#eq,yorkwilliam@example.com,2135155743123,Normal
USER_00000996,jjones,#G%58XIy9V,hughesscott@example.com,7580324507884,Normal
USER_00000997,mileskathleen,Q26Fs+n8*Q,rlewis@example.org,4202444307343,Normal
USER_00000998,dianecarter,@9OF+Txjur,olivia44@example.com,6264025720515,Normal
USER_00000999,maria48,g0dADd4s$$,theresarodriguez@example.com,2632553081561,Normal
USER_00001000,hawkinsdevin,N!uMNggh&9,emilybrown@example.com,3425356283547,Normal
